dataset,model,status,native_or_fallback,query_id,spectrum_id,true_candidate_id,adduct,candidate_count,ranked_rows,missing_candidate_spectra,true_rank,top1_correct,top5_correct,top10_correct,reciprocal_rank,elapsed_seconds,rank_output_file,source_file
CASMI2022,CFM-ID,completed_cached,native_cfmid_precomputed_full_supported_queries,0,0,CASMI_MOL_1196787,[M+H]+,1241,1241,0,1.0,True,True,True,1.0,0.0,/home/zhome/fragannotor_remote/FragAnnotor/results/casmi2022_cfmid_native_precomputed_full_v1/work/query_0/cfmid_precomputed_ranked_0.txt,/home/zhome/fragannotor_remote/FragAnnotor/results/casmi2022_cfmid_native_precomputed_full_v1/query_shard_0_5_results.csv
CASMI2022,CFM-ID,completed_cached,native_cfmid_precomputed_full_supported_queries,3,3,CASMI_MOL_1196790,[M+H]+,8524,8524,0,2.0,False,True,True,0.5,0.0,/home/zhome/fragannotor_remote/FragAnnotor/results/casmi2022_cfmid_native_precomputed_full_v1/work/query_3/cfmid_precomputed_ranked_3.txt,/home/zhome/fragannotor_remote/FragAnnotor/results/casmi2022_cfmid_native_precomputed_full_v1/query_shard_0_5_results.csv
CASMI2022,CFM-ID,completed_cached,native_cfmid_precomputed_full_supported_queries,4,4,CASMI_MOL_1196791,[M+H]+,7594,7594,0,13.0,False,False,False,0.0769230769230769,0.0,/home/zhome/fragannotor_remote/FragAnnotor/results/casmi2022_cfmid_native_precomputed_full_v1/work/query_4/cfmid_precomputed_ranked_4.txt,/home/zhome/fragannotor_remote/FragAnnotor/results/casmi2022_cfmid_native_precomputed_full_v1/query_shard_0_5_results.csv
CASMI2022,CFM-ID,completed_cached,native_cfmid_precomputed_full_supported_queries,5,5,CASMI_MOL_1196792,[M+H]+,1074,1074,0,5.0,False,True,True,0.2,0.0,/home/zhome/fragannotor_remote/FragAnnotor/results/casmi2022_cfmid_native_precomputed_full_v1/work/query_5/cfmid_precomputed_ranked_5.txt,/home/zhome/fragannotor_remote/FragAnnotor/results/casmi2022_cfmid_native_precomputed_full_v1/query_shard_0_5_results.csv
CASMI2022,CFM-ID,completed_cached,native_cfmid_precomputed_full_supported_queries,6,6,CASMI_MOL_1196793,[M+H]+,1524,1524,0,782.0,False,False,False,0.0012787723785166,0.0,/home/zhome/fragannotor_remote/FragAnnotor/results/casmi2022_cfmid_native_precomputed_full_v1/work/query_6/cfmid_precomputed_ranked_6.txt,/home/zhome/fragannotor_remote/FragAnnotor/results/casmi2022_cfmid_native_precomputed_full_v1/query_shard_0_5_results.csv
CASMI2022,CFM-ID,completed_cached,native_cfmid_precomputed_full_supported_queries,7,7,CASMI_MOL_1196794,[M+H]+,7016,7016,0,110.0,False,False,False,0.009090909090909,0.0,/home/zhome/fragannotor_remote/FragAnnotor/results/casmi2022_cfmid_native_precomputed_full_v1/work/query_7/cfmid_precomputed_ranked_7.txt,/home/zhome/fragannotor_remote/FragAnnotor/results/casmi2022_cfmid_native_precomputed_full_v1/query_shard_5_5_results.csv
CASMI2022,CFM-ID,completed_cached,native_cfmid_precomputed_full_supported_queries,9,9,CASMI_MOL_1196796,[M+H]+,8632,8632,0,98.0,False,False,False,0.010204081632653,0.0,/home/zhome/fragannotor_remote/FragAnnotor/results/casmi2022_cfmid_native_precomputed_full_v1/work/query_9/cfmid_precomputed_ranked_9.txt,/home/zhome/fragannotor_remote/FragAnnotor/results/casmi2022_cfmid_native_precomputed_full_v1/query_shard_5_5_results.csv
CASMI2022,CFM-ID,completed_cached,native_cfmid_precomputed_full_supported_queries,10,10,CASMI_MOL_1196797,[M+H]+,2797,2797,0,2016.0,False,False,False,0.0004960317460317,0.0,/home/zhome/fragannotor_remote/FragAnnotor/results/casmi2022_cfmid_native_precomputed_full_v1/work/query_10/cfmid_precomputed_ranked_10.txt,/home/zhome/fragannotor_remote/FragAnnotor/results/casmi2022_cfmid_native_precomputed_full_v1/query_shard_5_5_results.csv
CASMI2022,CFM-ID,completed_cached,native_cfmid_precomputed_full_supported_queries,11,11,CASMI_MOL_1196798,[M+H]+,6368,6368,0,7.0,False,False,True,0.1428571428571428,0.0,/home/zhome/fragannotor_remote/FragAnnotor/results/casmi2022_cfmid_native_precomputed_full_v1/work/query_11/cfmid_precomputed_ranked_11.txt,/home/zhome/fragannotor_remote/FragAnnotor/results/casmi2022_cfmid_native_precomputed_full_v1/query_shard_5_5_results.csv
CASMI2022,CFM-ID,completed_cached,native_cfmid_precomputed_full_supported_queries,12,12,CASMI_MOL_1196799,[M+H]+,9462,9462,0,267.0,False,False,False,0.0037453183520599,0.0,/home/zhome/fragannotor_remote/FragAnnotor/results/casmi2022_cfmid_native_precomputed_full_v1/work/query_12/cfmid_precomputed_ranked_12.txt,/home/zhome/fragannotor_remote/FragAnnotor/results/casmi2022_cfmid_native_precomputed_full_v1/query_shard_5_5_results.csv
CASMI2022,CFM-ID,completed_cached,native_cfmid_precomputed_full_supported_queries,15,15,CASMI_MOL_1196802,[M+H]+,4775,4775,0,90.0,False,False,False,0.0111111111111111,0.0,/home/zhome/fragannotor_remote/FragAnnotor/results/casmi2022_cfmid_native_precomputed_full_v1/work/query_15/cfmid_precomputed_ranked_15.txt,/home/zhome/fragannotor_remote/FragAnnotor/results/casmi2022_cfmid_native_precomputed_full_v1/query_shard_10_5_results.csv
CASMI2022,CFM-ID,completed_cached,native_cfmid_precomputed_full_supported_queries,16,16,CASMI_MOL_1196803,[M+H]+,103,103,0,5.0,False,True,True,0.2,0.0,/home/zhome/ec_structure/github_export/FragAnnotor/results/casmi2022_cfmid_native_precomputed_full_v1/work/query_16/cfmid_precomputed_ranked_16.txt,/home/zhome/fragannotor_remote/FragAnnotor/results/casmi2022_cfmid_native_precomputed_full_v1/query_shard_11_1_results.csv
CASMI2022,CFM-ID,completed_cached,native_cfmid_precomputed_full_supported_queries,17,17,CASMI_MOL_1196804,[M+H]+,9564,9564,0,312.0,False,False,False,0.0032051282051282,0.0,/home/zhome/fragannotor_remote/FragAnnotor/results/casmi2022_cfmid_native_precomputed_full_v1/work/query_17/cfmid_precomputed_ranked_17.txt,/home/zhome/fragannotor_remote/FragAnnotor/results/casmi2022_cfmid_native_precomputed_full_v1/query_shard_10_5_results.csv
CASMI2022,CFM-ID,completed_cached,native_cfmid_precomputed_full_supported_queries,18,18,CASMI_MOL_1196806,[M+H]+,6548,6548,0,1612.0,False,False,False,0.0006203473945409,0.0,/home/zhome/fragannotor_remote/FragAnnotor/results/casmi2022_cfmid_native_precomputed_full_v1/work/query_18/cfmid_precomputed_ranked_18.txt,/home/zhome/fragannotor_remote/FragAnnotor/results/casmi2022_cfmid_native_precomputed_full_v1/query_shard_10_5_results.csv
CASMI2022,CFM-ID,completed_cached,native_cfmid_precomputed_full_supported_queries,21,21,CASMI_MOL_1196809,[M+H]+,5615,5615,0,169.0,False,False,False,0.0059171597633136,0.0,/home/zhome/fragannotor_remote/FragAnnotor/results/casmi2022_cfmid_native_precomputed_full_v1/work/query_21/cfmid_precomputed_ranked_21.txt,/home/zhome/fragannotor_remote/FragAnnotor/results/casmi2022_cfmid_native_precomputed_full_v1/query_shard_10_5_results.csv
CASMI2022,CFM-ID,completed_cached,native_cfmid_precomputed_full_supported_queries,22,22,CASMI_MOL_1196810,[M+H]+,6294,6294,0,2372.0,False,False,False,0.0004215851602023,0.0,/home/zhome/fragannotor_remote/FragAnnotor/results/casmi2022_cfmid_native_precomputed_full_v1/work/query_22/cfmid_precomputed_ranked_22.txt,/home/zhome/fragannotor_remote/FragAnnotor/results/casmi2022_cfmid_native_precomputed_full_v1/query_shard_15_5_results.csv
CASMI2022,CFM-ID,completed_cached,native_cfmid_precomputed_full_supported_queries,23,23,CASMI_MOL_1196811,[M+H]+,5745,5745,0,138.0,False,False,False,0.0072463768115942,0.0,/home/zhome/fragannotor_remote/FragAnnotor/results/casmi2022_cfmid_native_precomputed_full_v1/work/query_23/cfmid_precomputed_ranked_23.txt,/home/zhome/fragannotor_remote/FragAnnotor/results/casmi2022_cfmid_native_precomputed_full_v1/query_shard_15_5_results.csv
CASMI2022,CFM-ID,completed_cached,native_cfmid_precomputed_full_supported_queries,24,24,CASMI_MOL_1196813,[M+H]+,5015,5015,0,117.0,False,False,False,0.0085470085470085,0.0,/home/zhome/fragannotor_remote/FragAnnotor/results/casmi2022_cfmid_native_precomputed_full_v1/work/query_24/cfmid_precomputed_ranked_24.txt,/home/zhome/fragannotor_remote/FragAnnotor/results/casmi2022_cfmid_native_precomputed_full_v1/query_shard_15_5_results.csv
CASMI2022,CFM-ID,completed_cached,native_cfmid_precomputed_full_supported_queries,25,25,CASMI_MOL_1196814,[M+H]+,9778,9778,0,4.0,False,True,True,0.25,0.0,/home/zhome/fragannotor_remote/FragAnnotor/results/casmi2022_cfmid_native_precomputed_full_v1/work/query_25/cfmid_precomputed_ranked_25.txt,/home/zhome/fragannotor_remote/FragAnnotor/results/casmi2022_cfmid_native_precomputed_full_v1/query_shard_15_5_results.csv
CASMI2022,CFM-ID,completed_cached,native_cfmid_precomputed_full_supported_queries,26,26,CASMI_MOL_1196815,[M+H]+,8521,8521,0,37.0,False,False,False,0.027027027027027,0.0,/home/zhome/fragannotor_remote/FragAnnotor/results/casmi2022_cfmid_native_precomputed_full_v1/work/query_26/cfmid_precomputed_ranked_26.txt,/home/zhome/fragannotor_remote/FragAnnotor/results/casmi2022_cfmid_native_precomputed_full_v1/query_shard_15_5_results.csv
CASMI2022,CFM-ID,completed_cached,native_cfmid_precomputed_full_supported_queries,27,27,CASMI_MOL_1196816,[M+H]+,3327,3327,0,5.0,False,True,True,0.2,0.0,/home/zhome/fragannotor_remote/FragAnnotor/results/casmi2022_cfmid_native_precomputed_full_v1/work/query_27/cfmid_precomputed_ranked_27.txt,/home/zhome/fragannotor_remote/FragAnnotor/results/casmi2022_cfmid_native_precomputed_full_v1/query_shard_20_5_results.csv
CASMI2022,CFM-ID,completed_cached,native_cfmid_precomputed_full_supported_queries,29,29,CASMI_MOL_1196818,[M+H]+,8062,8062,0,25.0,False,False,False,0.04,0.0,/home/zhome/fragannotor_remote/FragAnnotor/results/casmi2022_cfmid_native_precomputed_full_v1/work/query_29/cfmid_precomputed_ranked_29.txt,/home/zhome/fragannotor_remote/FragAnnotor/results/casmi2022_cfmid_native_precomputed_full_v1/query_shard_20_5_results.csv
CASMI2022,CFM-ID,completed_cached,native_cfmid_precomputed_full_supported_queries,31,31,CASMI_MOL_1196820,[M+H]+,9668,9668,0,2616.0,False,False,False,0.0003822629969418,0.0,/home/zhome/fragannotor_remote/FragAnnotor/results/casmi2022_cfmid_native_precomputed_full_v1/work/query_31/cfmid_precomputed_ranked_31.txt,/home/zhome/fragannotor_remote/FragAnnotor/results/casmi2022_cfmid_native_precomputed_full_v1/query_shard_20_5_results.csv
CASMI2022,CFM-ID,completed,native_cfmid_precomputed_full_supported_queries,34,34,CASMI_MOL_1196823,[M+H]+,457,457,0,94.0,False,False,False,0.0106382978723404,0.2145664691925048,/home/zhome/ec_structure/github_export/FragAnnotor/results/casmi2022_cfmid_native_precomputed_full_v1/work/query_34/cfmid_precomputed_ranked_34.txt,/home/zhome/fragannotor_remote/FragAnnotor/results/casmi2022_cfmid_native_precomputed_full_v1/query_shard_23_1_results.csv
CASMI2022,CFM-ID,completed_cached,native_cfmid_precomputed_full_supported_queries,35,35,CASMI_MOL_1196824,[M+H]+,233,233,0,31.0,False,False,False,0.032258064516129,0.0,/home/zhome/ec_structure/github_export/FragAnnotor/results/casmi2022_cfmid_native_precomputed_full_v1/work/query_35/cfmid_precomputed_ranked_35.txt,/home/zhome/fragannotor_remote/FragAnnotor/results/casmi2022_cfmid_native_precomputed_full_v1/query_shard_24_1_results.csv
CASMI2022,CFM-ID,completed_cached,native_cfmid_precomputed_full_supported_queries,37,37,CASMI_MOL_1196826,[M+H]+,8957,8957,0,1266.0,False,False,False,0.0007898894154818,0.0,/home/zhome/fragannotor_remote/FragAnnotor/results/casmi2022_cfmid_native_precomputed_full_v1/work/query_37/cfmid_precomputed_ranked_37.txt,/home/zhome/fragannotor_remote/FragAnnotor/results/casmi2022_cfmid_native_precomputed_full_v1/query_shard_25_5_results.csv
CASMI2022,CFM-ID,completed_cached,native_cfmid_precomputed_full_supported_queries,38,38,CASMI_MOL_1196827,[M+H]+,9532,9532,0,288.0,False,False,False,0.0034722222222222,0.0,/home/zhome/fragannotor_remote/FragAnnotor/results/casmi2022_cfmid_native_precomputed_full_v1/work/query_38/cfmid_precomputed_ranked_38.txt,/home/zhome/fragannotor_remote/FragAnnotor/results/casmi2022_cfmid_native_precomputed_full_v1/query_shard_25_5_results.csv
CASMI2022,CFM-ID,completed,native_cfmid_precomputed_full_supported_queries,39,39,CASMI_MOL_1196829,[M+H]+,859,859,0,370.0,False,False,False,0.0027027027027027,0.414738655090332,/home/zhome/ec_structure/github_export/FragAnnotor/results/casmi2022_cfmid_native_precomputed_full_v1/work/query_39/cfmid_precomputed_ranked_39.txt,/home/zhome/fragannotor_remote/FragAnnotor/results/casmi2022_cfmid_native_precomputed_full_v1/query_shard_27_1_results.csv
CASMI2022,CFM-ID,completed_cached,native_cfmid_precomputed_full_supported_queries,40,40,CASMI_MOL_1196830,[M+H]+,7695,7695,0,23.0,False,False,False,0.0434782608695652,0.0,/home/zhome/fragannotor_remote/FragAnnotor/results/casmi2022_cfmid_native_precomputed_full_v1/work/query_40/cfmid_precomputed_ranked_40.txt,/home/zhome/fragannotor_remote/FragAnnotor/results/casmi2022_cfmid_native_precomputed_full_v1/query_shard_25_5_results.csv
CASMI2022,CFM-ID,completed_cached,native_cfmid_precomputed_full_supported_queries,41,41,CASMI_MOL_1196831,[M+H]+,5158,5158,0,1.0,True,True,True,1.0,0.0,/home/zhome/fragannotor_remote/FragAnnotor/results/casmi2022_cfmid_native_precomputed_full_v1/work/query_41/cfmid_precomputed_ranked_41.txt,/home/zhome/fragannotor_remote/FragAnnotor/results/casmi2022_cfmid_native_precomputed_full_v1/query_shard_25_5_results.csv
CASMI2022,CFM-ID,completed_cached,native_cfmid_precomputed_full_supported_queries,42,42,CASMI_MOL_1196832,[M+H]+,9484,9484,0,382.0,False,False,False,0.0026178010471204,0.0,/home/zhome/fragannotor_remote/FragAnnotor/results/casmi2022_cfmid_native_precomputed_full_v1/work/query_42/cfmid_precomputed_ranked_42.txt,/home/zhome/fragannotor_remote/FragAnnotor/results/casmi2022_cfmid_native_precomputed_full_v1/query_shard_30_5_results.csv
CASMI2022,CFM-ID,completed_cached,native_cfmid_precomputed_full_supported_queries,43,43,CASMI_MOL_1196833,[M+H]+,8937,8937,0,947.0,False,False,False,0.0010559662090813,0.0,/home/zhome/fragannotor_remote/FragAnnotor/results/casmi2022_cfmid_native_precomputed_full_v1/work/query_43/cfmid_precomputed_ranked_43.txt,/home/zhome/fragannotor_remote/FragAnnotor/results/casmi2022_cfmid_native_precomputed_full_v1/query_shard_30_5_results.csv
CASMI2022,CFM-ID,completed,native_cfmid_precomputed_full_supported_queries,46,46,CASMI_MOL_1196837,[M+H]+,960,960,0,191.0,False,False,False,0.0052356020942408,0.4649994373321533,/home/zhome/ec_structure/github_export/FragAnnotor/results/casmi2022_cfmid_native_precomputed_full_v1/work/query_46/cfmid_precomputed_ranked_46.txt,/home/zhome/fragannotor_remote/FragAnnotor/results/casmi2022_cfmid_native_precomputed_full_v1/query_shard_32_1_results.csv
CASMI2022,CFM-ID,completed_cached,native_cfmid_precomputed_full_supported_queries,48,48,CASMI_MOL_1196839,[M+H]+,9066,9066,0,778.0,False,False,False,0.0012853470437017,0.0,/home/zhome/fragannotor_remote/FragAnnotor/results/casmi2022_cfmid_native_precomputed_full_v1/work/query_48/cfmid_precomputed_ranked_48.txt,/home/zhome/fragannotor_remote/FragAnnotor/results/casmi2022_cfmid_native_precomputed_full_v1/query_shard_30_5_results.csv
CASMI2022,CFM-ID,completed_cached,native_cfmid_precomputed_full_supported_queries,50,50,CASMI_MOL_1196841,[M+H]+,1506,1506,0,934.0,False,False,False,0.0010706638115631,0.0,/home/zhome/fragannotor_remote/FragAnnotor/results/casmi2022_cfmid_native_precomputed_full_v1/work/query_50/cfmid_precomputed_ranked_50.txt,/home/zhome/fragannotor_remote/FragAnnotor/results/casmi2022_cfmid_native_precomputed_full_v1/query_shard_30_5_results.csv
CASMI2022,CFM-ID,completed_cached,native_cfmid_precomputed_full_supported_queries,51,51,CASMI_MOL_1196842,[M+H]+,558,558,0,54.0,False,False,False,0.0185185185185185,0.0,/home/zhome/fragannotor_remote/FragAnnotor/results/casmi2022_cfmid_native_precomputed_full_v1/work/query_51/cfmid_precomputed_ranked_51.txt,/home/zhome/fragannotor_remote/FragAnnotor/results/casmi2022_cfmid_native_precomputed_full_v1/query_shard_35_5_results.csv
CASMI2022,CFM-ID,completed,native_cfmid_precomputed_full_supported_queries,53,53,CASMI_MOL_1196844,[M+H]+,1206,1206,0,848.0,False,False,False,0.0011792452830188,0.565422534942627,/home/zhome/ec_structure/github_export/FragAnnotor/results/casmi2022_cfmid_native_precomputed_full_v1/work/query_53/cfmid_precomputed_ranked_53.txt,/home/zhome/fragannotor_remote/FragAnnotor/results/casmi2022_cfmid_native_precomputed_full_v1/query_shard_36_1_results.csv
CASMI2022,CFM-ID,completed_cached,native_cfmid_precomputed_full_supported_queries,54,54,CASMI_MOL_1196845,[M+H]+,6814,6814,0,103.0,False,False,False,0.0097087378640776,0.0,/home/zhome/fragannotor_remote/FragAnnotor/results/casmi2022_cfmid_native_precomputed_full_v1/work/query_54/cfmid_precomputed_ranked_54.txt,/home/zhome/fragannotor_remote/FragAnnotor/results/casmi2022_cfmid_native_precomputed_full_v1/query_shard_35_5_results.csv
CASMI2022,CFM-ID,completed_cached,native_cfmid_precomputed_full_supported_queries,55,55,CASMI_MOL_1196846,[M+H]+,9288,9288,0,527.0,False,False,False,0.0018975332068311,0.0,/home/zhome/fragannotor_remote/FragAnnotor/results/casmi2022_cfmid_native_precomputed_full_v1/work/query_55/cfmid_precomputed_ranked_55.txt,/home/zhome/fragannotor_remote/FragAnnotor/results/casmi2022_cfmid_native_precomputed_full_v1/query_shard_35_5_results.csv
CASMI2022,CFM-ID,completed_cached,native_cfmid_precomputed_full_supported_queries,56,56,CASMI_MOL_1196828,[M+H]+,9532,9532,0,1030.0,False,False,False,0.0009708737864077,0.0,/home/zhome/fragannotor_remote/FragAnnotor/results/casmi2022_cfmid_native_precomputed_full_v1/work/query_56/cfmid_precomputed_ranked_56.txt,/home/zhome/fragannotor_remote/FragAnnotor/results/casmi2022_cfmid_native_precomputed_full_v1/query_shard_35_5_results.csv
CASMI2022,CFM-ID,completed_cached,native_cfmid_precomputed_full_supported_queries,58,58,CASMI_MOL_1196849,[M+H]+,2999,2999,0,506.0,False,False,False,0.0019762845849802,0.0,/home/zhome/fragannotor_remote/FragAnnotor/results/casmi2022_cfmid_native_precomputed_full_v1/work/query_58/cfmid_precomputed_ranked_58.txt,/home/zhome/fragannotor_remote/FragAnnotor/results/casmi2022_cfmid_native_precomputed_full_v1/query_shard_40_5_results.csv
CASMI2022,CFM-ID,completed_cached,native_cfmid_precomputed_full_supported_queries,59,59,CASMI_MOL_1196850,[M+H]+,9219,9219,0,4156.0,False,False,False,0.0002406159769008,0.0,/home/zhome/fragannotor_remote/FragAnnotor/results/casmi2022_cfmid_native_precomputed_full_v1/work/query_59/cfmid_precomputed_ranked_59.txt,/home/zhome/fragannotor_remote/FragAnnotor/results/casmi2022_cfmid_native_precomputed_full_v1/query_shard_40_5_results.csv
CASMI2022,CFM-ID,completed_cached,native_cfmid_precomputed_full_supported_queries,60,60,CASMI_MOL_1196851,[M+H]+,7090,7090,0,1523.0,False,False,False,0.0006565988181221,0.0,/home/zhome/fragannotor_remote/FragAnnotor/results/casmi2022_cfmid_native_precomputed_full_v1/work/query_60/cfmid_precomputed_ranked_60.txt,/home/zhome/fragannotor_remote/FragAnnotor/results/casmi2022_cfmid_native_precomputed_full_v1/query_shard_40_5_results.csv
CASMI2022,CFM-ID,completed_cached,native_cfmid_precomputed_full_supported_queries,61,61,CASMI_MOL_1196853,[M+H]+,8027,8027,0,24.0,False,False,False,0.0416666666666666,0.0,/home/zhome/fragannotor_remote/FragAnnotor/results/casmi2022_cfmid_native_precomputed_full_v1/work/query_61/cfmid_precomputed_ranked_61.txt,/home/zhome/fragannotor_remote/FragAnnotor/results/casmi2022_cfmid_native_precomputed_full_v1/query_shard_40_5_results.csv
CASMI2022,CFM-ID,completed_cached,native_cfmid_precomputed_full_supported_queries,64,64,CASMI_MOL_1196856,[M+H]+,817,817,0,1.0,True,True,True,1.0,0.0,/home/zhome/fragannotor_remote/FragAnnotor/results/casmi2022_cfmid_native_precomputed_full_v1/work/query_64/cfmid_precomputed_ranked_64.txt,/home/zhome/fragannotor_remote/FragAnnotor/results/casmi2022_cfmid_native_precomputed_full_v1/query_shard_40_5_results.csv
CASMI2022,CFM-ID,completed_cached,native_cfmid_precomputed_full_supported_queries,65,65,CASMI_MOL_1196857,[M+H]+,9590,9590,0,3658.0,False,False,False,0.0002733734281027,0.0,/home/zhome/fragannotor_remote/FragAnnotor/results/casmi2022_cfmid_native_precomputed_full_v1/work/query_65/cfmid_precomputed_ranked_65.txt,/home/zhome/fragannotor_remote/FragAnnotor/results/casmi2022_cfmid_native_precomputed_full_v1/query_shard_45_5_results.csv
CASMI2022,CFM-ID,completed,native_cfmid_precomputed_full_supported_queries,68,68,CASMI_MOL_1196860,[M+H]+,1511,1511,0,2.0,False,True,True,0.5,0.7151694297790527,/home/zhome/ec_structure/github_export/FragAnnotor/results/casmi2022_cfmid_native_precomputed_full_v1/work/query_68/cfmid_precomputed_ranked_68.txt,/home/zhome/fragannotor_remote/FragAnnotor/results/casmi2022_cfmid_native_precomputed_full_v1/query_shard_46_1_results.csv
CASMI2022,CFM-ID,completed_cached,native_cfmid_precomputed_full_supported_queries,69,69,CASMI_MOL_1196861,[M+H]+,9556,9556,0,105.0,False,False,False,0.0095238095238095,0.0,/home/zhome/fragannotor_remote/FragAnnotor/results/casmi2022_cfmid_native_precomputed_full_v1/work/query_69/cfmid_precomputed_ranked_69.txt,/home/zhome/fragannotor_remote/FragAnnotor/results/casmi2022_cfmid_native_precomputed_full_v1/query_shard_45_5_results.csv
CASMI2022,CFM-ID,completed_cached,native_cfmid_precomputed_full_supported_queries,70,70,CASMI_MOL_1196862,[M+H]+,8926,8926,0,67.0,False,False,False,0.0149253731343283,0.0,/home/zhome/fragannotor_remote/FragAnnotor/results/casmi2022_cfmid_native_precomputed_full_v1/work/query_70/cfmid_precomputed_ranked_70.txt,/home/zhome/fragannotor_remote/FragAnnotor/results/casmi2022_cfmid_native_precomputed_full_v1/query_shard_45_5_results.csv
CASMI2022,CFM-ID,completed_cached,native_cfmid_precomputed_full_supported_queries,71,71,CASMI_MOL_1196863,[M+H]+,9485,9485,0,13.0,False,False,False,0.0769230769230769,0.0,/home/zhome/fragannotor_remote/FragAnnotor/results/casmi2022_cfmid_native_precomputed_full_v1/work/query_71/cfmid_precomputed_ranked_71.txt,/home/zhome/fragannotor_remote/FragAnnotor/results/casmi2022_cfmid_native_precomputed_full_v1/query_shard_45_5_results.csv
CASMI2022,CFM-ID,completed_cached,native_cfmid_precomputed_full_supported_queries,74,74,CASMI_MOL_1196866,[M+H]+,7251,7251,0,3584.0,False,False,False,0.0002790178571428,0.0,/home/zhome/fragannotor_remote/FragAnnotor/results/casmi2022_cfmid_native_precomputed_full_v1/work/query_74/cfmid_precomputed_ranked_74.txt,/home/zhome/fragannotor_remote/FragAnnotor/results/casmi2022_cfmid_native_precomputed_full_v1/query_shard_50_5_results.csv
CASMI2022,CFM-ID,completed_cached,native_cfmid_precomputed_full_supported_queries,75,75,CASMI_MOL_1196867,[M+H]+,4498,4498,0,14.0,False,False,False,0.0714285714285714,0.0,/home/zhome/fragannotor_remote/FragAnnotor/results/casmi2022_cfmid_native_precomputed_full_v1/work/query_75/cfmid_precomputed_ranked_75.txt,/home/zhome/fragannotor_remote/FragAnnotor/results/casmi2022_cfmid_native_precomputed_full_v1/query_shard_50_5_results.csv
CASMI2022,CFM-ID,completed_cached,native_cfmid_precomputed_full_supported_queries,76,76,CASMI_MOL_1196812,[M+H]+,5745,5745,0,1138.0,False,False,False,0.0008787346221441,0.0,/home/zhome/fragannotor_remote/FragAnnotor/results/casmi2022_cfmid_native_precomputed_full_v1/work/query_76/cfmid_precomputed_ranked_76.txt,/home/zhome/fragannotor_remote/FragAnnotor/results/casmi2022_cfmid_native_precomputed_full_v1/query_shard_50_5_results.csv
CASMI2022,CFM-ID,completed_cached,native_cfmid_precomputed_full_supported_queries,77,77,CASMI_MOL_1196868,[M+H]+,8719,8719,0,10.0,False,False,True,0.1,0.0,/home/zhome/fragannotor_remote/FragAnnotor/results/casmi2022_cfmid_native_precomputed_full_v1/work/query_77/cfmid_precomputed_ranked_77.txt,/home/zhome/fragannotor_remote/FragAnnotor/results/casmi2022_cfmid_native_precomputed_full_v1/query_shard_50_5_results.csv
CASMI2022,CFM-ID,completed,native_cfmid_precomputed_full_supported_queries,78,78,CASMI_MOL_1196869,[M+H]+,787,787,0,67.0,False,False,False,0.0149253731343283,0.364804744720459,/home/zhome/ec_structure/github_export/FragAnnotor/results/casmi2022_cfmid_native_precomputed_full_v1/work/query_78/cfmid_precomputed_ranked_78.txt,/home/zhome/fragannotor_remote/FragAnnotor/results/casmi2022_cfmid_native_precomputed_full_v1/query_shard_54_1_results.csv
CASMI2022,CFM-ID,completed_cached,native_cfmid_precomputed_full_supported_queries,79,79,CASMI_MOL_1196870,[M+H]+,7821,7821,0,890.0,False,False,False,0.0011235955056179,0.0,/home/zhome/fragannotor_remote/FragAnnotor/results/casmi2022_cfmid_native_precomputed_full_v1/work/query_79/cfmid_precomputed_ranked_79.txt,/home/zhome/fragannotor_remote/FragAnnotor/results/casmi2022_cfmid_native_precomputed_full_v1/query_shard_55_5_results.csv
CASMI2022,CFM-ID,completed_cached,native_cfmid_precomputed_full_supported_queries,80,80,CASMI_MOL_1196871,[M+H]+,7809,7809,0,69.0,False,False,False,0.0144927536231884,0.0,/home/zhome/fragannotor_remote/FragAnnotor/results/casmi2022_cfmid_native_precomputed_full_v1/work/query_80/cfmid_precomputed_ranked_80.txt,/home/zhome/fragannotor_remote/FragAnnotor/results/casmi2022_cfmid_native_precomputed_full_v1/query_shard_55_5_results.csv
CASMI2022,CFM-ID,completed_cached,native_cfmid_precomputed_full_supported_queries,82,82,CASMI_MOL_1196873,[M+H]+,5788,5788,0,238.0,False,False,False,0.0042016806722689,0.0,/home/zhome/fragannotor_remote/FragAnnotor/results/casmi2022_cfmid_native_precomputed_full_v1/work/query_82/cfmid_precomputed_ranked_82.txt,/home/zhome/fragannotor_remote/FragAnnotor/results/casmi2022_cfmid_native_precomputed_full_v1/query_shard_55_5_results.csv
CASMI2022,CFM-ID,completed_cached,native_cfmid_precomputed_full_supported_queries,83,83,CASMI_MOL_1196874,[M+H]+,9564,9564,0,518.0,False,False,False,0.0019305019305019,0.0,/home/zhome/fragannotor_remote/FragAnnotor/results/casmi2022_cfmid_native_precomputed_full_v1/work/query_83/cfmid_precomputed_ranked_83.txt,/home/zhome/fragannotor_remote/FragAnnotor/results/casmi2022_cfmid_native_precomputed_full_v1/query_shard_55_5_results.csv
CASMI2022,CFM-ID,completed_cached,native_cfmid_precomputed_full_supported_queries,84,84,CASMI_MOL_1196852,[M+H]+,7090,7090,0,3039.0,False,False,False,0.0003290556103981,0.0,/home/zhome/fragannotor_remote/FragAnnotor/results/casmi2022_cfmid_native_precomputed_full_v1/work/query_84/cfmid_precomputed_ranked_84.txt,/home/zhome/fragannotor_remote/FragAnnotor/results/casmi2022_cfmid_native_precomputed_full_v1/query_shard_55_5_results.csv
CASMI2022,CFM-ID,completed_cached,native_cfmid_precomputed_full_supported_queries,87,87,CASMI_MOL_1196876,[M+H]+,2560,2560,0,89.0,False,False,False,0.0112359550561797,0.0,/home/zhome/fragannotor_remote/FragAnnotor/results/casmi2022_cfmid_native_precomputed_full_v1/work/query_87/cfmid_precomputed_ranked_87.txt,/home/zhome/fragannotor_remote/FragAnnotor/results/casmi2022_cfmid_native_precomputed_full_v1/query_shard_60_5_results.csv
CASMI2022,CFM-ID,completed_cached,native_cfmid_precomputed_full_supported_queries,88,88,CASMI_MOL_1196877,[M+H]+,6054,6054,0,5593.0,False,False,False,0.0001787949222242,0.0,/home/zhome/fragannotor_remote/FragAnnotor/results/casmi2022_cfmid_native_precomputed_full_v1/work/query_88/cfmid_precomputed_ranked_88.txt,/home/zhome/fragannotor_remote/FragAnnotor/results/casmi2022_cfmid_native_precomputed_full_v1/query_shard_60_5_results.csv
CASMI2022,CFM-ID,completed_cached,native_cfmid_precomputed_full_supported_queries,89,89,CASMI_MOL_1196805,[M+H]+,9564,9564,0,2213.0,False,False,False,0.000451875282422,0.0,/home/zhome/fragannotor_remote/FragAnnotor/results/casmi2022_cfmid_native_precomputed_full_v1/work/query_89/cfmid_precomputed_ranked_89.txt,/home/zhome/fragannotor_remote/FragAnnotor/results/casmi2022_cfmid_native_precomputed_full_v1/query_shard_60_5_results.csv
CASMI2022,CFM-ID,completed_cached,native_cfmid_precomputed_full_supported_queries,90,90,CASMI_MOL_1196878,[M+H]+,1959,1959,0,778.0,False,False,False,0.0012853470437017,0.0,/home/zhome/fragannotor_remote/FragAnnotor/results/casmi2022_cfmid_native_precomputed_full_v1/work/query_90/cfmid_precomputed_ranked_90.txt,/home/zhome/fragannotor_remote/FragAnnotor/results/casmi2022_cfmid_native_precomputed_full_v1/query_shard_60_5_results.csv
CASMI2022,CFM-ID,completed_cached,native_cfmid_precomputed_full_supported_queries,93,93,CASMI_MOL_1196881,[M+H]+,9460,9460,0,3.0,False,True,True,0.3333333333333333,0.0,/home/zhome/fragannotor_remote/FragAnnotor/results/casmi2022_cfmid_native_precomputed_full_v1/work/query_93/cfmid_precomputed_ranked_93.txt,/home/zhome/fragannotor_remote/FragAnnotor/results/casmi2022_cfmid_native_precomputed_full_v1/query_shard_60_5_results.csv
CASMI2022,CFM-ID,completed_cached,native_cfmid_precomputed_full_supported_queries,94,94,CASMI_MOL_1196882,[M+H]+,347,347,0,61.0,False,False,False,0.0163934426229508,0.0,/home/zhome/fragannotor_remote/FragAnnotor/results/casmi2022_cfmid_native_precomputed_full_v1/work/query_94/cfmid_precomputed_ranked_94.txt,/home/zhome/fragannotor_remote/FragAnnotor/results/casmi2022_cfmid_native_precomputed_full_v1/query_shard_65_5_results.csv
CASMI2022,CFM-ID,completed_cached,native_cfmid_precomputed_full_supported_queries,95,95,CASMI_MOL_1196883,[M+H]+,1877,1877,0,28.0,False,False,False,0.0357142857142857,0.0,/home/zhome/fragannotor_remote/FragAnnotor/results/casmi2022_cfmid_native_precomputed_full_v1/work/query_95/cfmid_precomputed_ranked_95.txt,/home/zhome/fragannotor_remote/FragAnnotor/results/casmi2022_cfmid_native_precomputed_full_v1/query_shard_65_5_results.csv
CASMI2022,CFM-ID,completed_cached,native_cfmid_precomputed_full_supported_queries,96,96,CASMI_MOL_1196884,[M+H]+,6683,6683,0,2689.0,False,False,False,0.0003718854592785,0.0,/home/zhome/fragannotor_remote/FragAnnotor/results/casmi2022_cfmid_native_precomputed_full_v1/work/query_96/cfmid_precomputed_ranked_96.txt,/home/zhome/fragannotor_remote/FragAnnotor/results/casmi2022_cfmid_native_precomputed_full_v1/query_shard_65_5_results.csv
CASMI2022,CFM-ID,completed_cached,native_cfmid_precomputed_full_supported_queries,98,98,CASMI_MOL_1196886,[M+H]+,9270,9270,0,911.0,False,False,False,0.0010976948408342,0.0,/home/zhome/fragannotor_remote/FragAnnotor/results/casmi2022_cfmid_native_precomputed_full_v1/work/query_98/cfmid_precomputed_ranked_98.txt,/home/zhome/fragannotor_remote/FragAnnotor/results/casmi2022_cfmid_native_precomputed_full_v1/query_shard_65_5_results.csv
CASMI2022,CFM-ID,completed_cached,native_cfmid_precomputed_full_supported_queries,99,99,CASMI_MOL_1196887,[M+H]+,6863,6863,0,144.0,False,False,False,0.0069444444444444,0.0,/home/zhome/fragannotor_remote/FragAnnotor/results/casmi2022_cfmid_native_precomputed_full_v1/work/query_99/cfmid_precomputed_ranked_99.txt,/home/zhome/fragannotor_remote/FragAnnotor/results/casmi2022_cfmid_native_precomputed_full_v1/query_shard_65_5_results.csv
CASMI2022,CFM-ID,completed_cached,native_cfmid_precomputed_full_supported_queries,100,100,CASMI_MOL_1196888,[M+H]+,6530,6530,0,14.0,False,False,False,0.0714285714285714,0.0,/home/zhome/fragannotor_remote/FragAnnotor/results/casmi2022_cfmid_native_precomputed_full_v1/work/query_100/cfmid_precomputed_ranked_100.txt,/home/zhome/fragannotor_remote/FragAnnotor/results/casmi2022_cfmid_native_precomputed_full_v1/query_shard_70_5_results.csv
CASMI2022,CFM-ID,completed_cached,native_cfmid_precomputed_full_supported_queries,101,101,CASMI_MOL_1196890,[M+H]+,7839,7839,0,1908.0,False,False,False,0.000524109014675,0.0,/home/zhome/fragannotor_remote/FragAnnotor/results/casmi2022_cfmid_native_precomputed_full_v1/work/query_101/cfmid_precomputed_ranked_101.txt,/home/zhome/fragannotor_remote/FragAnnotor/results/casmi2022_cfmid_native_precomputed_full_v1/query_shard_70_5_results.csv
CASMI2022,CFM-ID,completed_cached,native_cfmid_precomputed_full_supported_queries,102,102,CASMI_MOL_1196891,[M+H]+,4859,4859,0,260.0,False,False,False,0.0038461538461538,0.0,/home/zhome/fragannotor_remote/FragAnnotor/results/casmi2022_cfmid_native_precomputed_full_v1/work/query_102/cfmid_precomputed_ranked_102.txt,/home/zhome/fragannotor_remote/FragAnnotor/results/casmi2022_cfmid_native_precomputed_full_v1/query_shard_70_5_results.csv
CASMI2022,CFM-ID,completed_cached,native_cfmid_precomputed_full_supported_queries,104,104,CASMI_MOL_1196893,[M+H]+,8559,8559,0,571.0,False,False,False,0.0017513134851138,0.0,/home/zhome/fragannotor_remote/FragAnnotor/results/casmi2022_cfmid_native_precomputed_full_v1/work/query_104/cfmid_precomputed_ranked_104.txt,/home/zhome/fragannotor_remote/FragAnnotor/results/casmi2022_cfmid_native_precomputed_full_v1/query_shard_70_5_results.csv
CASMI2022,CFM-ID,completed_cached,native_cfmid_precomputed_full_supported_queries,105,105,CASMI_MOL_1196894,[M+H]+,9237,9237,0,4.0,False,True,True,0.25,0.0,/home/zhome/fragannotor_remote/FragAnnotor/results/casmi2022_cfmid_native_precomputed_full_v1/work/query_105/cfmid_precomputed_ranked_105.txt,/home/zhome/fragannotor_remote/FragAnnotor/results/casmi2022_cfmid_native_precomputed_full_v1/query_shard_70_5_results.csv
CASMI2022,CFM-ID,completed_cached,native_cfmid_precomputed_full_supported_queries,106,106,CASMI_MOL_1196895,[M+H]+,9491,9491,0,1.0,True,True,True,1.0,0.0,/home/zhome/fragannotor_remote/FragAnnotor/results/casmi2022_cfmid_native_precomputed_full_v1/work/query_106/cfmid_precomputed_ranked_106.txt,/home/zhome/fragannotor_remote/FragAnnotor/results/casmi2022_cfmid_native_precomputed_full_v1/query_shard_75_5_results.csv
CASMI2022,CFM-ID,completed_cached,native_cfmid_precomputed_full_supported_queries,107,107,CASMI_MOL_1196896,[M+H]+,8301,8301,0,370.0,False,False,False,0.0027027027027027,0.0,/home/zhome/fragannotor_remote/FragAnnotor/results/casmi2022_cfmid_native_precomputed_full_v1/work/query_107/cfmid_precomputed_ranked_107.txt,/home/zhome/fragannotor_remote/FragAnnotor/results/casmi2022_cfmid_native_precomputed_full_v1/query_shard_75_5_results.csv
CASMI2022,CFM-ID,completed_cached,native_cfmid_precomputed_full_supported_queries,108,108,CASMI_MOL_1196899,[M+H]+,9739,9739,0,92.0,False,False,False,0.0108695652173913,0.0,/home/zhome/fragannotor_remote/FragAnnotor/results/casmi2022_cfmid_native_precomputed_full_v1/work/query_108/cfmid_precomputed_ranked_108.txt,/home/zhome/fragannotor_remote/FragAnnotor/results/casmi2022_cfmid_native_precomputed_full_v1/query_shard_75_5_results.csv
CASMI2022,CFM-ID,completed_cached,native_cfmid_precomputed_full_supported_queries,109,109,CASMI_MOL_1196900,[M+H]+,4864,4864,0,202.0,False,False,False,0.0049504950495049,0.0,/home/zhome/fragannotor_remote/FragAnnotor/results/casmi2022_cfmid_native_precomputed_full_v1/work/query_109/cfmid_precomputed_ranked_109.txt,/home/zhome/fragannotor_remote/FragAnnotor/results/casmi2022_cfmid_native_precomputed_full_v1/query_shard_75_5_results.csv
CASMI2022,CFM-ID,completed_cached,native_cfmid_precomputed_full_supported_queries,111,111,CASMI_MOL_1196902,[M+H]+,2744,2744,0,18.0,False,False,False,0.0555555555555555,0.0,/home/zhome/fragannotor_remote/FragAnnotor/results/casmi2022_cfmid_native_precomputed_full_v1/work/query_111/cfmid_precomputed_ranked_111.txt,/home/zhome/fragannotor_remote/FragAnnotor/results/casmi2022_cfmid_native_precomputed_full_v1/query_shard_75_5_results.csv
CASMI2022,CFM-ID,completed_cached,native_cfmid_precomputed_full_supported_queries,112,112,CASMI_MOL_1196903,[M+H]+,9092,9092,0,759.0,False,False,False,0.0013175230566534,0.0,/home/zhome/fragannotor_remote/FragAnnotor/results/casmi2022_cfmid_native_precomputed_full_v1/work/query_112/cfmid_precomputed_ranked_112.txt,/home/zhome/fragannotor_remote/FragAnnotor/results/casmi2022_cfmid_native_precomputed_full_v1/query_shard_80_5_results.csv
CASMI2022,CFM-ID,completed_cached,native_cfmid_precomputed_full_supported_queries,113,113,CASMI_MOL_1196905,[M+H]+,7164,7164,0,80.0,False,False,False,0.0125,0.0,/home/zhome/fragannotor_remote/FragAnnotor/results/casmi2022_cfmid_native_precomputed_full_v1/work/query_113/cfmid_precomputed_ranked_113.txt,/home/zhome/fragannotor_remote/FragAnnotor/results/casmi2022_cfmid_native_precomputed_full_v1/query_shard_80_5_results.csv
CASMI2022,CFM-ID,completed_cached,native_cfmid_precomputed_full_supported_queries,114,114,CASMI_MOL_1196906,[M+H]+,689,689,0,216.0,False,False,False,0.0046296296296296,0.0,/home/zhome/fragannotor_remote/FragAnnotor/results/casmi2022_cfmid_native_precomputed_full_v1/work/query_114/cfmid_precomputed_ranked_114.txt,/home/zhome/fragannotor_remote/FragAnnotor/results/casmi2022_cfmid_native_precomputed_full_v1/query_shard_80_5_results.csv
CASMI2022,CFM-ID,completed_cached,native_cfmid_precomputed_full_supported_queries,115,115,CASMI_MOL_1196907,[M+H]+,1876,1876,0,1699.0,False,False,False,0.0005885815185403,0.0,/home/zhome/fragannotor_remote/FragAnnotor/results/casmi2022_cfmid_native_precomputed_full_v1/work/query_115/cfmid_precomputed_ranked_115.txt,/home/zhome/fragannotor_remote/FragAnnotor/results/casmi2022_cfmid_native_precomputed_full_v1/query_shard_80_5_results.csv
CASMI2022,CFM-ID,completed_cached,native_cfmid_precomputed_full_supported_queries,116,116,CASMI_MOL_1196909,[M+H]+,9725,9725,0,213.0,False,False,False,0.0046948356807511,0.0,/home/zhome/fragannotor_remote/FragAnnotor/results/casmi2022_cfmid_native_precomputed_full_v1/work/query_116/cfmid_precomputed_ranked_116.txt,/home/zhome/fragannotor_remote/FragAnnotor/results/casmi2022_cfmid_native_precomputed_full_v1/query_shard_80_5_results.csv
CASMI2022,CFM-ID,completed_cached,native_cfmid_precomputed_full_supported_queries,119,119,CASMI_MOL_1196912,[M+H]+,9424,9424,0,833.0,False,False,False,0.0012004801920768,0.0,/home/zhome/fragannotor_remote/FragAnnotor/results/casmi2022_cfmid_native_precomputed_full_v1/work/query_119/cfmid_precomputed_ranked_119.txt,/home/zhome/fragannotor_remote/FragAnnotor/results/casmi2022_cfmid_native_precomputed_full_v1/query_shard_85_5_results.csv
CASMI2022,CFM-ID,completed_cached,native_cfmid_precomputed_full_supported_queries,120,120,CASMI_MOL_1196913,[M+H]+,9633,9633,0,2189.0,False,False,False,0.0004568296025582,0.0,/home/zhome/fragannotor_remote/FragAnnotor/results/casmi2022_cfmid_native_precomputed_full_v1/work/query_120/cfmid_precomputed_ranked_120.txt,/home/zhome/fragannotor_remote/FragAnnotor/results/casmi2022_cfmid_native_precomputed_full_v1/query_shard_85_5_results.csv
CASMI2022,CFM-ID,completed_cached,native_cfmid_precomputed_full_supported_queries,121,121,CASMI_MOL_1196918,[M+H]+,9371,9371,0,578.0,False,False,False,0.0017301038062283,0.0,/home/zhome/fragannotor_remote/FragAnnotor/results/casmi2022_cfmid_native_precomputed_full_v1/work/query_121/cfmid_precomputed_ranked_121.txt,/home/zhome/fragannotor_remote/FragAnnotor/results/casmi2022_cfmid_native_precomputed_full_v1/query_shard_85_5_results.csv
CASMI2022,CFM-ID,completed_cached,native_cfmid_precomputed_full_supported_queries,122,122,CASMI_MOL_1196919,[M+H]+,3108,3108,0,3.0,False,True,True,0.3333333333333333,0.0,/home/zhome/fragannotor_remote/FragAnnotor/results/casmi2022_cfmid_native_precomputed_full_v1/work/query_122/cfmid_precomputed_ranked_122.txt,/home/zhome/fragannotor_remote/FragAnnotor/results/casmi2022_cfmid_native_precomputed_full_v1/query_shard_85_5_results.csv
CASMI2022,CFM-ID,completed_cached,native_cfmid_precomputed_full_supported_queries,123,123,CASMI_MOL_1196920,[M+H]+,2103,2103,0,4.0,False,True,True,0.25,0.0,/home/zhome/fragannotor_remote/FragAnnotor/results/casmi2022_cfmid_native_precomputed_full_v1/work/query_123/cfmid_precomputed_ranked_123.txt,/home/zhome/fragannotor_remote/FragAnnotor/results/casmi2022_cfmid_native_precomputed_full_v1/query_shard_85_5_results.csv
CASMI2022,CFM-ID,completed_cached,native_cfmid_precomputed_full_supported_queries,126,126,CASMI_MOL_1196923,[M+H]+,9036,9036,0,4.0,False,True,True,0.25,0.0,/home/zhome/fragannotor_remote/FragAnnotor/results/casmi2022_cfmid_native_precomputed_full_v1/work/query_126/cfmid_precomputed_ranked_126.txt,/home/zhome/fragannotor_remote/FragAnnotor/results/casmi2022_cfmid_native_precomputed_full_v1/query_shard_90_5_results.csv
CASMI2022,CFM-ID,completed_cached,native_cfmid_precomputed_full_supported_queries,127,127,CASMI_MOL_1196924,[M+H]+,1657,1657,0,478.0,False,False,False,0.002092050209205,0.0,/home/zhome/fragannotor_remote/FragAnnotor/results/casmi2022_cfmid_native_precomputed_full_v1/work/query_127/cfmid_precomputed_ranked_127.txt,/home/zhome/fragannotor_remote/FragAnnotor/results/casmi2022_cfmid_native_precomputed_full_v1/query_shard_90_5_results.csv
CASMI2022,CFM-ID,completed_cached,native_cfmid_precomputed_full_supported_queries,128,128,CASMI_MOL_1196925,[M+H]+,9700,9700,0,10.0,False,False,True,0.1,0.0,/home/zhome/fragannotor_remote/FragAnnotor/results/casmi2022_cfmid_native_precomputed_full_v1/work/query_128/cfmid_precomputed_ranked_128.txt,/home/zhome/fragannotor_remote/FragAnnotor/results/casmi2022_cfmid_native_precomputed_full_v1/query_shard_90_5_results.csv
CASMI2022,CFM-ID,completed_cached,native_cfmid_precomputed_full_supported_queries,129,129,CASMI_MOL_1196897,[M+H]+,8301,8301,0,165.0,False,False,False,0.006060606060606,0.0,/home/zhome/fragannotor_remote/FragAnnotor/results/casmi2022_cfmid_native_precomputed_full_v1/work/query_129/cfmid_precomputed_ranked_129.txt,/home/zhome/fragannotor_remote/FragAnnotor/results/casmi2022_cfmid_native_precomputed_full_v1/query_shard_90_5_results.csv
CASMI2022,CFM-ID,completed_cached,native_cfmid_precomputed_full_supported_queries,130,130,CASMI_MOL_1196926,[M+H]+,9113,9113,0,816.0,False,False,False,0.0012254901960784,0.0,/home/zhome/fragannotor_remote/FragAnnotor/results/casmi2022_cfmid_native_precomputed_full_v1/work/query_130/cfmid_precomputed_ranked_130.txt,/home/zhome/fragannotor_remote/FragAnnotor/results/casmi2022_cfmid_native_precomputed_full_v1/query_shard_90_5_results.csv
CASMI2022,CFM-ID,completed_cached,native_cfmid_precomputed_full_supported_queries,131,131,CASMI_MOL_1196928,[M+H]+,9650,9650,0,169.0,False,False,False,0.0059171597633136,0.0,/home/zhome/fragannotor_remote/FragAnnotor/results/casmi2022_cfmid_native_precomputed_full_v1/work/query_131/cfmid_precomputed_ranked_131.txt,/home/zhome/fragannotor_remote/FragAnnotor/results/casmi2022_cfmid_native_precomputed_full_v1/query_shard_95_5_results.csv
CASMI2022,CFM-ID,completed_cached,native_cfmid_precomputed_full_supported_queries,132,132,CASMI_MOL_1196929,[M+H]+,9018,9018,0,37.0,False,False,False,0.027027027027027,0.0,/home/zhome/fragannotor_remote/FragAnnotor/results/casmi2022_cfmid_native_precomputed_full_v1/work/query_132/cfmid_precomputed_ranked_132.txt,/home/zhome/fragannotor_remote/FragAnnotor/results/casmi2022_cfmid_native_precomputed_full_v1/query_shard_95_5_results.csv
CASMI2022,CFM-ID,completed_cached,native_cfmid_precomputed_full_supported_queries,135,135,CASMI_MOL_1196933,[M+H]+,6577,6577,0,1590.0,False,False,False,0.00062893081761,0.0,/home/zhome/fragannotor_remote/FragAnnotor/results/casmi2022_cfmid_native_precomputed_full_v1/work/query_135/cfmid_precomputed_ranked_135.txt,/home/zhome/fragannotor_remote/FragAnnotor/results/casmi2022_cfmid_native_precomputed_full_v1/query_shard_95_5_results.csv
CASMI2022,CFM-ID,completed_cached,native_cfmid_precomputed_full_supported_queries,136,136,CASMI_MOL_1196934,[M+H]+,9626,9626,0,308.0,False,False,False,0.0032467532467532,0.0,/home/zhome/fragannotor_remote/FragAnnotor/results/casmi2022_cfmid_native_precomputed_full_v1/work/query_136/cfmid_precomputed_ranked_136.txt,/home/zhome/fragannotor_remote/FragAnnotor/results/casmi2022_cfmid_native_precomputed_full_v1/query_shard_95_5_results.csv
CASMI2022,CFM-ID,completed_cached,native_cfmid_precomputed_full_supported_queries,137,137,CASMI_MOL_1196935,[M+H]+,8774,8774,0,1236.0,False,False,False,0.0008090614886731,0.0,/home/zhome/fragannotor_remote/FragAnnotor/results/casmi2022_cfmid_native_precomputed_full_v1/work/query_137/cfmid_precomputed_ranked_137.txt,/home/zhome/fragannotor_remote/FragAnnotor/results/casmi2022_cfmid_native_precomputed_full_v1/query_shard_95_5_results.csv
CASMI2022,CFM-ID,completed_cached,native_cfmid_precomputed_full_supported_queries,138,138,CASMI_MOL_1196936,[M+H]+,8939,8939,0,1776.0,False,False,False,0.000563063063063,0.0,/home/zhome/fragannotor_remote/FragAnnotor/results/casmi2022_cfmid_native_precomputed_full_v1/work/query_138/cfmid_precomputed_ranked_138.txt,/home/zhome/fragannotor_remote/FragAnnotor/results/casmi2022_cfmid_native_precomputed_full_v1/query_shard_100_5_results.csv
CASMI2022,CFM-ID,completed_cached,native_cfmid_precomputed_full_supported_queries,139,139,CASMI_MOL_1196937,[M+H]+,631,631,0,146.0,False,False,False,0.0068493150684931,0.0,/home/zhome/fragannotor_remote/FragAnnotor/results/casmi2022_cfmid_native_precomputed_full_v1/work/query_139/cfmid_precomputed_ranked_139.txt,/home/zhome/fragannotor_remote/FragAnnotor/results/casmi2022_cfmid_native_precomputed_full_v1/query_shard_100_5_results.csv
CASMI2022,CFM-ID,completed_cached,native_cfmid_precomputed_full_supported_queries,140,140,CASMI_MOL_1196939,[M+H]+,9134,9134,0,1.0,True,True,True,1.0,0.0,/home/zhome/fragannotor_remote/FragAnnotor/results/casmi2022_cfmid_native_precomputed_full_v1/work/query_140/cfmid_precomputed_ranked_140.txt,/home/zhome/fragannotor_remote/FragAnnotor/results/casmi2022_cfmid_native_precomputed_full_v1/query_shard_100_5_results.csv
CASMI2022,CFM-ID,completed_cached,native_cfmid_precomputed_full_supported_queries,142,142,CASMI_MOL_1196942,[M+H]+,9236,9236,0,1012.0,False,False,False,0.0009881422924901,0.0,/home/zhome/fragannotor_remote/FragAnnotor/results/casmi2022_cfmid_native_precomputed_full_v1/work/query_142/cfmid_precomputed_ranked_142.txt,/home/zhome/fragannotor_remote/FragAnnotor/results/casmi2022_cfmid_native_precomputed_full_v1/query_shard_100_5_results.csv
CASMI2022,CFM-ID,completed_cached,native_cfmid_precomputed_full_supported_queries,143,143,CASMI_MOL_1196943,[M+H]+,8691,8691,0,2.0,False,True,True,0.5,0.0,/home/zhome/fragannotor_remote/FragAnnotor/results/casmi2022_cfmid_native_precomputed_full_v1/work/query_143/cfmid_precomputed_ranked_143.txt,/home/zhome/fragannotor_remote/FragAnnotor/results/casmi2022_cfmid_native_precomputed_full_v1/query_shard_100_5_results.csv
CASMI2022,CFM-ID,completed_cached,native_cfmid_precomputed_full_supported_queries,144,144,CASMI_MOL_1196944,[M+H]+,9540,9540,0,389.0,False,False,False,0.0025706940874035,0.0,/home/zhome/fragannotor_remote/FragAnnotor/results/casmi2022_cfmid_native_precomputed_full_v1/work/query_144/cfmid_precomputed_ranked_144.txt,/home/zhome/fragannotor_remote/FragAnnotor/results/casmi2022_cfmid_native_precomputed_full_v1/query_shard_105_5_results.csv
CASMI2022,CFM-ID,completed,native_cfmid_precomputed_full_supported_queries,145,145,CASMI_MOL_1196938,[M+H]+,316,316,0,74.0,False,False,False,0.0135135135135135,0.2142596244812011,/home/zhome/ec_structure/github_export/FragAnnotor/results/casmi2022_cfmid_native_precomputed_full_v1/work/query_145/cfmid_precomputed_ranked_145.txt,/home/zhome/fragannotor_remote/FragAnnotor/results/casmi2022_cfmid_native_precomputed_full_v1/query_shard_106_1_results.csv
CASMI2022,CFM-ID,completed_cached,native_cfmid_precomputed_full_supported_queries,146,146,CASMI_MOL_1196945,[M+H]+,1277,1277,0,863.0,False,False,False,0.0011587485515643,0.0,/home/zhome/fragannotor_remote/FragAnnotor/results/casmi2022_cfmid_native_precomputed_full_v1/work/query_146/cfmid_precomputed_ranked_146.txt,/home/zhome/fragannotor_remote/FragAnnotor/results/casmi2022_cfmid_native_precomputed_full_v1/query_shard_105_5_results.csv
CASMI2022,CFM-ID,completed_cached,native_cfmid_precomputed_full_supported_queries,147,147,CASMI_MOL_1196946,[M+H]+,4034,4034,0,10.0,False,False,True,0.1,0.0,/home/zhome/fragannotor_remote/FragAnnotor/results/casmi2022_cfmid_native_precomputed_full_v1/work/query_147/cfmid_precomputed_ranked_147.txt,/home/zhome/fragannotor_remote/FragAnnotor/results/casmi2022_cfmid_native_precomputed_full_v1/query_shard_105_5_results.csv
CASMI2022,CFM-ID,completed_cached,native_cfmid_precomputed_full_supported_queries,149,149,CASMI_MOL_1196948,[M+H]+,9235,9235,0,198.0,False,False,False,0.005050505050505,0.0,/home/zhome/fragannotor_remote/FragAnnotor/results/casmi2022_cfmid_native_precomputed_full_v1/work/query_149/cfmid_precomputed_ranked_149.txt,/home/zhome/fragannotor_remote/FragAnnotor/results/casmi2022_cfmid_native_precomputed_full_v1/query_shard_105_5_results.csv
CASMI2022,CFM-ID,completed_cached,native_cfmid_precomputed_full_supported_queries,150,150,CASMI_MOL_1196949,[M+H]+,7703,7703,0,7035.0,False,False,False,0.0001421464108031,0.0,/home/zhome/fragannotor_remote/FragAnnotor/results/casmi2022_cfmid_native_precomputed_full_v1/work/query_150/cfmid_precomputed_ranked_150.txt,/home/zhome/fragannotor_remote/FragAnnotor/results/casmi2022_cfmid_native_precomputed_full_v1/query_shard_110_5_results.csv
CASMI2022,CFM-ID,completed_cached,native_cfmid_precomputed_full_supported_queries,151,151,CASMI_MOL_1196950,[M+H]+,1793,1793,0,1157.0,False,False,False,0.0008643042350907,0.0,/home/zhome/fragannotor_remote/FragAnnotor/results/casmi2022_cfmid_native_precomputed_full_v1/work/query_151/cfmid_precomputed_ranked_151.txt,/home/zhome/fragannotor_remote/FragAnnotor/results/casmi2022_cfmid_native_precomputed_full_v1/query_shard_110_5_results.csv
CASMI2022,CFM-ID,completed_cached,native_cfmid_precomputed_full_supported_queries,155,155,CASMI_MOL_1196954,[M+H]+,9273,9273,0,55.0,False,False,False,0.0181818181818181,0.0,/home/zhome/fragannotor_remote/FragAnnotor/results/casmi2022_cfmid_native_precomputed_full_v1/work/query_155/cfmid_precomputed_ranked_155.txt,/home/zhome/fragannotor_remote/FragAnnotor/results/casmi2022_cfmid_native_precomputed_full_v1/query_shard_110_5_results.csv
CASMI2022,CFM-ID,completed_cached,native_cfmid_precomputed_full_supported_queries,156,156,CASMI_MOL_1196955,[M+H]+,8995,8995,0,170.0,False,False,False,0.0058823529411764,0.0,/home/zhome/fragannotor_remote/FragAnnotor/results/casmi2022_cfmid_native_precomputed_full_v1/work/query_156/cfmid_precomputed_ranked_156.txt,/home/zhome/fragannotor_remote/FragAnnotor/results/casmi2022_cfmid_native_precomputed_full_v1/query_shard_110_5_results.csv
CASMI2022,CFM-ID,completed_cached,native_cfmid_precomputed_full_supported_queries,157,157,CASMI_MOL_1196956,[M+H]+,6956,6956,0,161.0,False,False,False,0.0062111801242236,0.0,/home/zhome/fragannotor_remote/FragAnnotor/results/casmi2022_cfmid_native_precomputed_full_v1/work/query_157/cfmid_precomputed_ranked_157.txt,/home/zhome/fragannotor_remote/FragAnnotor/results/casmi2022_cfmid_native_precomputed_full_v1/query_shard_110_5_results.csv
CASMI2022,CFM-ID,completed_cached,native_cfmid_precomputed_full_supported_queries,158,158,CASMI_MOL_1196958,[M+H]+,3729,3729,0,34.0,False,False,False,0.0294117647058823,0.0,/home/zhome/fragannotor_remote/FragAnnotor/results/casmi2022_cfmid_native_precomputed_full_v1/work/query_158/cfmid_precomputed_ranked_158.txt,/home/zhome/fragannotor_remote/FragAnnotor/results/casmi2022_cfmid_native_precomputed_full_v1/query_shard_115_5_results.csv
CASMI2022,CFM-ID,completed_cached,native_cfmid_precomputed_full_supported_queries,159,159,CASMI_MOL_1196914,[M+H]+,9633,9633,0,477.0,False,False,False,0.0020964360587002,0.0,/home/zhome/fragannotor_remote/FragAnnotor/results/casmi2022_cfmid_native_precomputed_full_v1/work/query_159/cfmid_precomputed_ranked_159.txt,/home/zhome/fragannotor_remote/FragAnnotor/results/casmi2022_cfmid_native_precomputed_full_v1/query_shard_115_5_results.csv
CASMI2022,CFM-ID,completed_cached,native_cfmid_precomputed_full_supported_queries,163,163,CASMI_MOL_1196962,[M+H]+,361,361,0,144.0,False,False,False,0.0069444444444444,0.0,/home/zhome/fragannotor_remote/FragAnnotor/results/casmi2022_cfmid_native_precomputed_full_v1/work/query_163/cfmid_precomputed_ranked_163.txt,/home/zhome/fragannotor_remote/FragAnnotor/results/casmi2022_cfmid_native_precomputed_full_v1/query_shard_115_5_results.csv
CASMI2022,CFM-ID,completed_cached,native_cfmid_precomputed_full_supported_queries,164,164,CASMI_MOL_1196963,[M+H]+,9014,9014,0,1.0,True,True,True,1.0,0.0,/home/zhome/fragannotor_remote/FragAnnotor/results/casmi2022_cfmid_native_precomputed_full_v1/work/query_164/cfmid_precomputed_ranked_164.txt,/home/zhome/fragannotor_remote/FragAnnotor/results/casmi2022_cfmid_native_precomputed_full_v1/query_shard_115_5_results.csv
CASMI2022,CFM-ID,completed_cached,native_cfmid_precomputed_full_supported_queries,165,165,CASMI_MOL_1196937,[M+H]+,631,631,0,141.0,False,False,False,0.0070921985815602,0.0,/home/zhome/fragannotor_remote/FragAnnotor/results/casmi2022_cfmid_native_precomputed_full_v1/work/query_165/cfmid_precomputed_ranked_165.txt,/home/zhome/fragannotor_remote/FragAnnotor/results/casmi2022_cfmid_native_precomputed_full_v1/query_shard_115_5_results.csv
CASMI2022,CFM-ID,completed_cached,native_cfmid_precomputed_full_supported_queries,166,166,CASMI_MOL_1196964,[M+H]+,6879,6879,0,505.0,False,False,False,0.0019801980198019,0.0,/home/zhome/fragannotor_remote/FragAnnotor/results/casmi2022_cfmid_native_precomputed_full_v1/work/query_166/cfmid_precomputed_ranked_166.txt,/home/zhome/fragannotor_remote/FragAnnotor/results/casmi2022_cfmid_native_precomputed_full_v1/query_shard_120_5_results.csv
CASMI2022,CFM-ID,completed_cached,native_cfmid_precomputed_full_supported_queries,169,169,CASMI_MOL_1196967,[M+H]+,4670,4670,0,13.0,False,False,False,0.0769230769230769,0.0,/home/zhome/fragannotor_remote/FragAnnotor/results/casmi2022_cfmid_native_precomputed_full_v1/work/query_169/cfmid_precomputed_ranked_169.txt,/home/zhome/fragannotor_remote/FragAnnotor/results/casmi2022_cfmid_native_precomputed_full_v1/query_shard_120_5_results.csv
CASMI2022,CFM-ID,completed_cached,native_cfmid_precomputed_full_supported_queries,170,170,CASMI_MOL_1196898,[M+H]+,8301,8301,0,2943.0,False,False,False,0.000339789330615,0.0,/home/zhome/fragannotor_remote/FragAnnotor/results/casmi2022_cfmid_native_precomputed_full_v1/work/query_170/cfmid_precomputed_ranked_170.txt,/home/zhome/fragannotor_remote/FragAnnotor/results/casmi2022_cfmid_native_precomputed_full_v1/query_shard_120_5_results.csv
CASMI2022,CFM-ID,completed_cached,native_cfmid_precomputed_full_supported_queries,171,171,CASMI_MOL_1196968,[M+H]+,1728,1728,0,16.0,False,False,False,0.0625,0.0,/home/zhome/fragannotor_remote/FragAnnotor/results/casmi2022_cfmid_native_precomputed_full_v1/work/query_171/cfmid_precomputed_ranked_171.txt,/home/zhome/fragannotor_remote/FragAnnotor/results/casmi2022_cfmid_native_precomputed_full_v1/query_shard_120_5_results.csv
CASMI2022,CFM-ID,completed_cached,native_cfmid_precomputed_full_supported_queries,172,172,CASMI_MOL_1196879,[M+H]+,1959,1959,0,841.0,False,False,False,0.0011890606420927,0.0,/home/zhome/fragannotor_remote/FragAnnotor/results/casmi2022_cfmid_native_precomputed_full_v1/work/query_172/cfmid_precomputed_ranked_172.txt,/home/zhome/fragannotor_remote/FragAnnotor/results/casmi2022_cfmid_native_precomputed_full_v1/query_shard_120_5_results.csv
CASMI2022,CFM-ID,completed_cached,native_cfmid_precomputed_full_supported_queries,173,173,CASMI_MOL_1196969,[M+H]+,8918,8918,0,6.0,False,False,True,0.1666666666666666,0.0,/home/zhome/fragannotor_remote/FragAnnotor/results/casmi2022_cfmid_native_precomputed_full_v1/work/query_173/cfmid_precomputed_ranked_173.txt,/home/zhome/fragannotor_remote/FragAnnotor/results/casmi2022_cfmid_native_precomputed_full_v1/query_shard_125_5_results.csv
CASMI2022,CFM-ID,completed_cached,native_cfmid_precomputed_full_supported_queries,176,176,CASMI_MOL_1196972,[M+H]+,2390,2390,0,99.0,False,False,False,0.0101010101010101,0.0,/home/zhome/fragannotor_remote/FragAnnotor/results/casmi2022_cfmid_native_precomputed_full_v1/work/query_176/cfmid_precomputed_ranked_176.txt,/home/zhome/fragannotor_remote/FragAnnotor/results/casmi2022_cfmid_native_precomputed_full_v1/query_shard_125_5_results.csv
CASMI2022,CFM-ID,completed_cached,native_cfmid_precomputed_full_supported_queries,177,177,CASMI_MOL_1196973,[M+H]+,336,336,0,13.0,False,False,False,0.0769230769230769,0.0,/home/zhome/fragannotor_remote/FragAnnotor/results/casmi2022_cfmid_native_precomputed_full_v1/work/query_177/cfmid_precomputed_ranked_177.txt,/home/zhome/fragannotor_remote/FragAnnotor/results/casmi2022_cfmid_native_precomputed_full_v1/query_shard_125_5_results.csv
CASMI2022,CFM-ID,completed_cached,native_cfmid_precomputed_full_supported_queries,178,178,CASMI_MOL_1196974,[M+H]+,2608,2608,0,48.0,False,False,False,0.0208333333333333,0.0,/home/zhome/fragannotor_remote/FragAnnotor/results/casmi2022_cfmid_native_precomputed_full_v1/work/query_178/cfmid_precomputed_ranked_178.txt,/home/zhome/fragannotor_remote/FragAnnotor/results/casmi2022_cfmid_native_precomputed_full_v1/query_shard_125_5_results.csv
CASMI2022,CFM-ID,completed_cached,native_cfmid_precomputed_full_supported_queries,179,179,CASMI_MOL_1196975,[M+H]+,8960,8960,0,462.0,False,False,False,0.0021645021645021,0.0,/home/zhome/fragannotor_remote/FragAnnotor/results/casmi2022_cfmid_native_precomputed_full_v1/work/query_179/cfmid_precomputed_ranked_179.txt,/home/zhome/fragannotor_remote/FragAnnotor/results/casmi2022_cfmid_native_precomputed_full_v1/query_shard_125_5_results.csv
CASMI2022,CFM-ID,completed_cached,native_cfmid_precomputed_full_supported_queries,180,180,CASMI_MOL_1196976,[M+H]+,6387,6387,0,1474.0,False,False,False,0.0006784260515603,0.0,/home/zhome/fragannotor_remote/FragAnnotor/results/casmi2022_cfmid_native_precomputed_full_v1/work/query_180/cfmid_precomputed_ranked_180.txt,/home/zhome/fragannotor_remote/FragAnnotor/results/casmi2022_cfmid_native_precomputed_full_v1/query_shard_130_5_results.csv
CASMI2022,CFM-ID,completed_cached,native_cfmid_precomputed_full_supported_queries,181,181,CASMI_MOL_1196915,[M+H]+,9633,9633,0,375.0,False,False,False,0.0026666666666666,0.0,/home/zhome/fragannotor_remote/FragAnnotor/results/casmi2022_cfmid_native_precomputed_full_v1/work/query_181/cfmid_precomputed_ranked_181.txt,/home/zhome/fragannotor_remote/FragAnnotor/results/casmi2022_cfmid_native_precomputed_full_v1/query_shard_130_5_results.csv
CASMI2022,CFM-ID,completed_cached,native_cfmid_precomputed_full_supported_queries,185,185,CASMI_MOL_1196979,[M+H]+,6320,6320,0,3459.0,False,False,False,0.0002891008962127,0.0,/home/zhome/fragannotor_remote/FragAnnotor/results/casmi2022_cfmid_native_precomputed_full_v1/work/query_185/cfmid_precomputed_ranked_185.txt,/home/zhome/fragannotor_remote/FragAnnotor/results/casmi2022_cfmid_native_precomputed_full_v1/query_shard_130_5_results.csv
CASMI2022,CFM-ID,completed_cached,native_cfmid_precomputed_full_supported_queries,186,186,CASMI_MOL_1196980,[M+H]+,9661,9661,0,10.0,False,False,True,0.1,0.0,/home/zhome/fragannotor_remote/FragAnnotor/results/casmi2022_cfmid_native_precomputed_full_v1/work/query_186/cfmid_precomputed_ranked_186.txt,/home/zhome/fragannotor_remote/FragAnnotor/results/casmi2022_cfmid_native_precomputed_full_v1/query_shard_130_5_results.csv
CASMI2022,CFM-ID,completed_cached,native_cfmid_precomputed_full_supported_queries,187,187,CASMI_MOL_1196981,[M+H]+,8418,8418,0,556.0,False,False,False,0.0017985611510791,0.0,/home/zhome/fragannotor_remote/FragAnnotor/results/casmi2022_cfmid_native_precomputed_full_v1/work/query_187/cfmid_precomputed_ranked_187.txt,/home/zhome/fragannotor_remote/FragAnnotor/results/casmi2022_cfmid_native_precomputed_full_v1/query_shard_130_5_results.csv
CASMI2022,CFM-ID,completed_cached,native_cfmid_precomputed_full_supported_queries,188,188,CASMI_MOL_1196982,[M+H]+,6643,6643,0,45.0,False,False,False,0.0222222222222222,0.0,/home/zhome/fragannotor_remote/FragAnnotor/results/casmi2022_cfmid_native_precomputed_full_v1/work/query_188/cfmid_precomputed_ranked_188.txt,/home/zhome/fragannotor_remote/FragAnnotor/results/casmi2022_cfmid_native_precomputed_full_v1/query_shard_135_5_results.csv
CASMI2022,CFM-ID,completed_cached,native_cfmid_precomputed_full_supported_queries,189,189,CASMI_MOL_1196983,[M+H]+,3839,3839,0,1.0,True,True,True,1.0,0.0,/home/zhome/fragannotor_remote/FragAnnotor/results/casmi2022_cfmid_native_precomputed_full_v1/work/query_189/cfmid_precomputed_ranked_189.txt,/home/zhome/fragannotor_remote/FragAnnotor/results/casmi2022_cfmid_native_precomputed_full_v1/query_shard_135_5_results.csv
CASMI2022,CFM-ID,completed_cached,native_cfmid_precomputed_full_supported_queries,190,190,CASMI_MOL_1196940,[M+H]+,9134,9134,0,2042.0,False,False,False,0.0004897159647404,0.0,/home/zhome/fragannotor_remote/FragAnnotor/results/casmi2022_cfmid_native_precomputed_full_v1/work/query_190/cfmid_precomputed_ranked_190.txt,/home/zhome/fragannotor_remote/FragAnnotor/results/casmi2022_cfmid_native_precomputed_full_v1/query_shard_135_5_results.csv
CASMI2022,CFM-ID,completed_cached,native_cfmid_precomputed_full_supported_queries,191,191,CASMI_MOL_1196908,[M+H]+,1876,1876,0,646.0,False,False,False,0.001547987616099,0.0,/home/zhome/fragannotor_remote/FragAnnotor/results/casmi2022_cfmid_native_precomputed_full_v1/work/query_191/cfmid_precomputed_ranked_191.txt,/home/zhome/fragannotor_remote/FragAnnotor/results/casmi2022_cfmid_native_precomputed_full_v1/query_shard_135_5_results.csv
CASMI2022,CFM-ID,completed_cached,native_cfmid_precomputed_full_supported_queries,192,192,CASMI_MOL_1196984,[M+H]+,735,735,0,17.0,False,False,False,0.0588235294117647,0.0,/home/zhome/fragannotor_remote/FragAnnotor/results/casmi2022_cfmid_native_precomputed_full_v1/work/query_192/cfmid_precomputed_ranked_192.txt,/home/zhome/fragannotor_remote/FragAnnotor/results/casmi2022_cfmid_native_precomputed_full_v1/query_shard_135_5_results.csv
CASMI2022,CFM-ID,completed_cached,native_cfmid_precomputed_full_supported_queries,193,193,CASMI_MOL_1196985,[M+H]+,7937,7937,0,45.0,False,False,False,0.0222222222222222,0.0,/home/zhome/fragannotor_remote/FragAnnotor/results/casmi2022_cfmid_native_precomputed_full_v1/work/query_193/cfmid_precomputed_ranked_193.txt,/home/zhome/fragannotor_remote/FragAnnotor/results/casmi2022_cfmid_native_precomputed_full_v1/query_shard_140_5_results.csv
CASMI2022,CFM-ID,completed_cached,native_cfmid_precomputed_full_supported_queries,194,194,CASMI_MOL_1196986,[M+H]+,9378,9378,0,13.0,False,False,False,0.0769230769230769,0.0,/home/zhome/fragannotor_remote/FragAnnotor/results/casmi2022_cfmid_native_precomputed_full_v1/work/query_194/cfmid_precomputed_ranked_194.txt,/home/zhome/fragannotor_remote/FragAnnotor/results/casmi2022_cfmid_native_precomputed_full_v1/query_shard_140_5_results.csv
CASMI2022,CFM-ID,completed_cached,native_cfmid_precomputed_full_supported_queries,195,195,CASMI_MOL_1196987,[M+H]+,1274,1274,0,1.0,True,True,True,1.0,0.0,/home/zhome/fragannotor_remote/FragAnnotor/results/casmi2022_cfmid_native_precomputed_full_v1/work/query_195/cfmid_precomputed_ranked_195.txt,/home/zhome/fragannotor_remote/FragAnnotor/results/casmi2022_cfmid_native_precomputed_full_v1/query_shard_140_5_results.csv
CASMI2022,CFM-ID,completed_cached,native_cfmid_precomputed_full_supported_queries,196,196,CASMI_MOL_1196988,[M+H]+,4522,4522,0,218.0,False,False,False,0.0045871559633027,0.0,/home/zhome/fragannotor_remote/FragAnnotor/results/casmi2022_cfmid_native_precomputed_full_v1/work/query_196/cfmid_precomputed_ranked_196.txt,/home/zhome/fragannotor_remote/FragAnnotor/results/casmi2022_cfmid_native_precomputed_full_v1/query_shard_140_5_results.csv
CASMI2022,CFM-ID,completed_cached,native_cfmid_precomputed_full_supported_queries,199,199,CASMI_MOL_1196991,[M+H]+,4447,4447,0,3.0,False,True,True,0.3333333333333333,0.0,/home/zhome/fragannotor_remote/FragAnnotor/results/casmi2022_cfmid_native_precomputed_full_v1/work/query_199/cfmid_precomputed_ranked_199.txt,/home/zhome/fragannotor_remote/FragAnnotor/results/casmi2022_cfmid_native_precomputed_full_v1/query_shard_140_5_results.csv
CASMI2022,CFM-ID,completed_cached,native_cfmid_precomputed_full_supported_queries,200,200,CASMI_MOL_1196992,[M+H]+,510,510,0,266.0,False,False,False,0.0037593984962406,0.0,/home/zhome/fragannotor_remote/FragAnnotor/results/casmi2022_cfmid_native_precomputed_full_v1/work/query_200/cfmid_precomputed_ranked_200.txt,/home/zhome/fragannotor_remote/FragAnnotor/results/casmi2022_cfmid_native_precomputed_full_v1/query_shard_145_5_results.csv
CASMI2022,CFM-ID,completed_cached,native_cfmid_precomputed_full_supported_queries,201,201,CASMI_MOL_1196993,[M+H]+,7033,7033,0,33.0,False,False,False,0.0303030303030303,0.0,/home/zhome/fragannotor_remote/FragAnnotor/results/casmi2022_cfmid_native_precomputed_full_v1/work/query_201/cfmid_precomputed_ranked_201.txt,/home/zhome/fragannotor_remote/FragAnnotor/results/casmi2022_cfmid_native_precomputed_full_v1/query_shard_145_5_results.csv
CASMI2022,CFM-ID,completed_cached,native_cfmid_precomputed_full_supported_queries,205,205,CASMI_MOL_1196996,[M+H]+,9363,9363,0,1.0,True,True,True,1.0,0.0,/home/zhome/fragannotor_remote/FragAnnotor/results/casmi2022_cfmid_native_precomputed_full_v1/work/query_205/cfmid_precomputed_ranked_205.txt,/home/zhome/fragannotor_remote/FragAnnotor/results/casmi2022_cfmid_native_precomputed_full_v1/query_shard_145_5_results.csv
CASMI2022,CFM-ID,completed_cached,native_cfmid_precomputed_full_supported_queries,206,206,CASMI_MOL_1196927,[M+H]+,9113,9113,0,112.0,False,False,False,0.0089285714285714,0.0,/home/zhome/fragannotor_remote/FragAnnotor/results/casmi2022_cfmid_native_precomputed_full_v1/work/query_206/cfmid_precomputed_ranked_206.txt,/home/zhome/fragannotor_remote/FragAnnotor/results/casmi2022_cfmid_native_precomputed_full_v1/query_shard_145_5_results.csv
CASMI2022,CFM-ID,completed_cached,native_cfmid_precomputed_full_supported_queries,207,207,CASMI_MOL_1196997,[M+H]+,5971,5971,0,134.0,False,False,False,0.0074626865671641,0.0,/home/zhome/fragannotor_remote/FragAnnotor/results/casmi2022_cfmid_native_precomputed_full_v1/work/query_207/cfmid_precomputed_ranked_207.txt,/home/zhome/fragannotor_remote/FragAnnotor/results/casmi2022_cfmid_native_precomputed_full_v1/query_shard_145_5_results.csv
CASMI2022,CFM-ID,completed_cached,native_cfmid_precomputed_full_supported_queries,208,208,CASMI_MOL_1196916,[M+H]+,9633,9633,0,3.0,False,True,True,0.3333333333333333,0.0,/home/zhome/fragannotor_remote/FragAnnotor/results/casmi2022_cfmid_native_precomputed_full_v1/work/query_208/cfmid_precomputed_ranked_208.txt,/home/zhome/fragannotor_remote/FragAnnotor/results/casmi2022_cfmid_native_precomputed_full_v1/query_shard_150_5_results.csv
CASMI2022,CFM-ID,completed_cached,native_cfmid_precomputed_full_supported_queries,209,209,CASMI_MOL_1196904,[M+H]+,9092,9092,0,322.0,False,False,False,0.0031055900621118,0.0,/home/zhome/fragannotor_remote/FragAnnotor/results/casmi2022_cfmid_native_precomputed_full_v1/work/query_209/cfmid_precomputed_ranked_209.txt,/home/zhome/fragannotor_remote/FragAnnotor/results/casmi2022_cfmid_native_precomputed_full_v1/query_shard_150_5_results.csv
CASMI2022,CFM-ID,completed_cached,native_cfmid_precomputed_full_supported_queries,210,210,CASMI_MOL_1196998,[M+H]+,6490,6490,0,17.0,False,False,False,0.0588235294117647,0.0,/home/zhome/fragannotor_remote/FragAnnotor/results/casmi2022_cfmid_native_precomputed_full_v1/work/query_210/cfmid_precomputed_ranked_210.txt,/home/zhome/fragannotor_remote/FragAnnotor/results/casmi2022_cfmid_native_precomputed_full_v1/query_shard_150_5_results.csv
CASMI2022,CFM-ID,completed_cached,native_cfmid_precomputed_full_supported_queries,211,211,CASMI_MOL_1196999,[M+H]+,9668,9668,0,52.0,False,False,False,0.0192307692307692,0.0,/home/zhome/fragannotor_remote/FragAnnotor/results/casmi2022_cfmid_native_precomputed_full_v1/work/query_211/cfmid_precomputed_ranked_211.txt,/home/zhome/fragannotor_remote/FragAnnotor/results/casmi2022_cfmid_native_precomputed_full_v1/query_shard_150_5_results.csv
CASMI2022,CFM-ID,completed_cached,native_cfmid_precomputed_full_supported_queries,212,212,CASMI_MOL_1197000,[M+H]+,9580,9580,0,1541.0,False,False,False,0.0006489292667099,0.0,/home/zhome/fragannotor_remote/FragAnnotor/results/casmi2022_cfmid_native_precomputed_full_v1/work/query_212/cfmid_precomputed_ranked_212.txt,/home/zhome/fragannotor_remote/FragAnnotor/results/casmi2022_cfmid_native_precomputed_full_v1/query_shard_150_5_results.csv
CASMI2022,CFM-ID,completed_cached,native_cfmid_precomputed_full_supported_queries,213,213,CASMI_MOL_1197001,[M+H]+,9069,9069,0,3425.0,False,False,False,0.0002919708029197,0.0,/home/zhome/fragannotor_remote/FragAnnotor/results/casmi2022_cfmid_native_precomputed_full_v1/work/query_213/cfmid_precomputed_ranked_213.txt,/home/zhome/fragannotor_remote/FragAnnotor/results/casmi2022_cfmid_native_precomputed_full_v1/query_shard_155_5_results.csv
CASMI2022,CFM-ID,completed_cached,native_cfmid_precomputed_full_supported_queries,214,214,CASMI_MOL_1197002,[M+H]+,1846,1846,0,15.0,False,False,False,0.0666666666666666,0.0,/home/zhome/fragannotor_remote/FragAnnotor/results/casmi2022_cfmid_native_precomputed_full_v1/work/query_214/cfmid_precomputed_ranked_214.txt,/home/zhome/fragannotor_remote/FragAnnotor/results/casmi2022_cfmid_native_precomputed_full_v1/query_shard_155_5_results.csv
CASMI2022,CFM-ID,completed_cached,native_cfmid_precomputed_full_supported_queries,215,215,CASMI_MOL_1197003,[M+H]+,9453,9453,0,405.0,False,False,False,0.0024691358024691,0.0,/home/zhome/fragannotor_remote/FragAnnotor/results/casmi2022_cfmid_native_precomputed_full_v1/work/query_215/cfmid_precomputed_ranked_215.txt,/home/zhome/fragannotor_remote/FragAnnotor/results/casmi2022_cfmid_native_precomputed_full_v1/query_shard_155_5_results.csv
CASMI2022,CFM-ID,completed_cached,native_cfmid_precomputed_full_supported_queries,216,216,CASMI_MOL_1197004,[M+H]+,5420,5420,0,2054.0,False,False,False,0.0004868549172346,0.0,/home/zhome/fragannotor_remote/FragAnnotor/results/casmi2022_cfmid_native_precomputed_full_v1/work/query_216/cfmid_precomputed_ranked_216.txt,/home/zhome/fragannotor_remote/FragAnnotor/results/casmi2022_cfmid_native_precomputed_full_v1/query_shard_155_5_results.csv
CASMI2022,CFM-ID,completed_cached,native_cfmid_precomputed_full_supported_queries,218,218,CASMI_MOL_1197006,[M+H]+,7363,7363,0,649.0,False,False,False,0.0015408320493066,0.0,/home/zhome/fragannotor_remote/FragAnnotor/results/casmi2022_cfmid_native_precomputed_full_v1/work/query_218/cfmid_precomputed_ranked_218.txt,/home/zhome/fragannotor_remote/FragAnnotor/results/casmi2022_cfmid_native_precomputed_full_v1/query_shard_155_5_results.csv
CASMI2022,CFM-ID,completed_cached,native_cfmid_precomputed_full_supported_queries,219,219,CASMI_MOL_1197007,[M+H]+,3155,3155,0,7.0,False,False,True,0.1428571428571428,0.0,/home/zhome/fragannotor_remote/FragAnnotor/results/casmi2022_cfmid_native_precomputed_full_v1/work/query_219/cfmid_precomputed_ranked_219.txt,/home/zhome/fragannotor_remote/FragAnnotor/results/casmi2022_cfmid_native_precomputed_full_v1/query_shard_160_5_results.csv
CASMI2022,CFM-ID,completed_cached,native_cfmid_precomputed_full_supported_queries,220,220,CASMI_MOL_1196917,[M+H]+,9633,9633,0,564.0,False,False,False,0.00177304964539,0.0,/home/zhome/fragannotor_remote/FragAnnotor/results/casmi2022_cfmid_native_precomputed_full_v1/work/query_220/cfmid_precomputed_ranked_220.txt,/home/zhome/fragannotor_remote/FragAnnotor/results/casmi2022_cfmid_native_precomputed_full_v1/query_shard_160_5_results.csv
CASMI2022,CFM-ID,completed_cached,native_cfmid_precomputed_full_supported_queries,221,221,CASMI_MOL_1197008,[M+H]+,9150,9150,0,381.0,False,False,False,0.0026246719160104,0.0,/home/zhome/fragannotor_remote/FragAnnotor/results/casmi2022_cfmid_native_precomputed_full_v1/work/query_221/cfmid_precomputed_ranked_221.txt,/home/zhome/fragannotor_remote/FragAnnotor/results/casmi2022_cfmid_native_precomputed_full_v1/query_shard_160_5_results.csv
CASMI2022,CFM-ID,completed_cached,native_cfmid_precomputed_full_supported_queries,222,222,CASMI_MOL_1197009,[M+H]+,9240,9240,0,233.0,False,False,False,0.0042918454935622,0.0,/home/zhome/fragannotor_remote/FragAnnotor/results/casmi2022_cfmid_native_precomputed_full_v1/work/query_222/cfmid_precomputed_ranked_222.txt,/home/zhome/fragannotor_remote/FragAnnotor/results/casmi2022_cfmid_native_precomputed_full_v1/query_shard_160_5_results.csv
CASMI2022,CFM-ID,completed_cached,native_cfmid_precomputed_full_supported_queries,223,223,CASMI_MOL_1197010,[M+H]+,9012,9012,0,18.0,False,False,False,0.0555555555555555,0.0,/home/zhome/fragannotor_remote/FragAnnotor/results/casmi2022_cfmid_native_precomputed_full_v1/work/query_223/cfmid_precomputed_ranked_223.txt,/home/zhome/fragannotor_remote/FragAnnotor/results/casmi2022_cfmid_native_precomputed_full_v1/query_shard_160_5_results.csv
CASMI2022,CFM-ID,completed_cached,native_cfmid_precomputed_full_supported_queries,224,224,CASMI_MOL_1197011,[M+H]+,2730,2730,0,28.0,False,False,False,0.0357142857142857,0.0,/home/zhome/fragannotor_remote/FragAnnotor/results/casmi2022_cfmid_native_precomputed_full_v1/work/query_224/cfmid_precomputed_ranked_224.txt,/home/zhome/fragannotor_remote/FragAnnotor/results/casmi2022_cfmid_native_precomputed_full_v1/query_shard_165_5_results.csv
CASMI2022,CFM-ID,completed_cached,native_cfmid_precomputed_full_supported_queries,225,225,CASMI_MOL_1197012,[M+H]+,6158,6158,0,715.0,False,False,False,0.0013986013986013,0.0,/home/zhome/fragannotor_remote/FragAnnotor/results/casmi2022_cfmid_native_precomputed_full_v1/work/query_225/cfmid_precomputed_ranked_225.txt,/home/zhome/fragannotor_remote/FragAnnotor/results/casmi2022_cfmid_native_precomputed_full_v1/query_shard_165_5_results.csv
CASMI2022,CFM-ID,completed_cached,native_cfmid_precomputed_full_supported_queries,226,226,CASMI_MOL_1197013,[M+H]+,9691,9691,0,878.0,False,False,False,0.0011389521640091,0.0,/home/zhome/fragannotor_remote/FragAnnotor/results/casmi2022_cfmid_native_precomputed_full_v1/work/query_226/cfmid_precomputed_ranked_226.txt,/home/zhome/fragannotor_remote/FragAnnotor/results/casmi2022_cfmid_native_precomputed_full_v1/query_shard_165_5_results.csv
CASMI2022,CFM-ID,completed_cached,native_cfmid_precomputed_full_supported_queries,227,227,CASMI_MOL_1197014,[M+H]+,1329,1329,0,566.0,False,False,False,0.0017667844522968,0.0,/home/zhome/fragannotor_remote/FragAnnotor/results/casmi2022_cfmid_native_precomputed_full_v1/work/query_227/cfmid_precomputed_ranked_227.txt,/home/zhome/fragannotor_remote/FragAnnotor/results/casmi2022_cfmid_native_precomputed_full_v1/query_shard_165_5_results.csv
CASMI2022,CFM-ID,completed_cached,native_cfmid_precomputed_full_supported_queries,228,228,CASMI_MOL_1196957,[M+H]+,6956,6956,0,525.0,False,False,False,0.0019047619047619,0.0,/home/zhome/fragannotor_remote/FragAnnotor/results/casmi2022_cfmid_native_precomputed_full_v1/work/query_228/cfmid_precomputed_ranked_228.txt,/home/zhome/fragannotor_remote/FragAnnotor/results/casmi2022_cfmid_native_precomputed_full_v1/query_shard_165_5_results.csv
