dataset,model,status,native_or_fallback,query_id,spectrum_id,true_candidate_id,adduct,precursor_mz,candidate_pool_policy,candidate_count,candidate_spectra_count,missing_candidate_spectra,nan_score_count,true_rank,top1_correct,top5_correct,top10_correct,reciprocal_rank,elapsed_seconds
CASMI2022,CFM-ID + MS2DeepScore full-supported hybrid,completed,cfmid_generated_spectra_ms2deepscore_similarity_full_supported_hybrid,0,0,CASMI_MOL_1196787,[M+H]+,719.253866983956,full_supported_query_candidate_set,1241,1241,0,0,16.0,False,False,False,0.0625,49.386967420578
CASMI2022,CFM-ID + MS2DeepScore full-supported hybrid,completed,cfmid_generated_spectra_ms2deepscore_similarity_full_supported_hybrid,3,3,CASMI_MOL_1196790,[M+H]+,336.173416402974,full_supported_query_candidate_set,8524,8524,0,0,3.0,False,True,True,0.3333333333333333,295.77720737457275
CASMI2022,CFM-ID + MS2DeepScore full-supported hybrid,completed,cfmid_generated_spectra_ms2deepscore_similarity_full_supported_hybrid,4,4,CASMI_MOL_1196791,[M+H]+,472.208379934413,full_supported_query_candidate_set,7594,7594,0,0,45.0,False,False,False,0.0222222222222222,234.32754707336423
CASMI2022,CFM-ID + MS2DeepScore full-supported hybrid,completed,cfmid_generated_spectra_ms2deepscore_similarity_full_supported_hybrid,5,5,CASMI_MOL_1196792,[M+H]+,657.311672306106,full_supported_query_candidate_set,1074,1074,0,0,67.0,False,False,False,0.0149253731343283,31.877050638198853
CASMI2022,CFM-ID + MS2DeepScore full-supported hybrid,completed,cfmid_generated_spectra_ms2deepscore_similarity_full_supported_hybrid,6,6,CASMI_MOL_1196793,[M+H]+,519.33115928565,full_supported_query_candidate_set,1524,1524,0,0,602.0,False,False,False,0.0016611295681063,37.52039265632629
CASMI2022,CFM-ID + MS2DeepScore full-supported hybrid,completed,cfmid_generated_spectra_ms2deepscore_similarity_full_supported_hybrid,7,7,CASMI_MOL_1196794,[M+H]+,233.116974574285,full_supported_query_candidate_set,7016,7016,0,0,1972.0,False,False,False,0.0005070993914807,193.06035351753235
CASMI2022,CFM-ID + MS2DeepScore full-supported hybrid,completed,cfmid_generated_spectra_ms2deepscore_similarity_full_supported_hybrid,9,9,CASMI_MOL_1196796,[M+H]+,347.12743382156,full_supported_query_candidate_set,8632,8632,0,0,554.0,False,False,False,0.0018050541516245,227.5382664203644
CASMI2022,CFM-ID + MS2DeepScore full-supported hybrid,completed,cfmid_generated_spectra_ms2deepscore_similarity_full_supported_hybrid,10,10,CASMI_MOL_1196797,[M+H]+,454.07482453927,full_supported_query_candidate_set,2797,2797,0,0,2303.0,False,False,False,0.0004342162396873,63.54840898513794
CASMI2022,CFM-ID + MS2DeepScore full-supported hybrid,completed,cfmid_generated_spectra_ms2deepscore_similarity_full_supported_hybrid,11,11,CASMI_MOL_1196798,[M+H]+,489.226761835099,full_supported_query_candidate_set,6368,6368,0,0,4.0,False,True,True,0.25,152.893718957901
CASMI2022,CFM-ID + MS2DeepScore full-supported hybrid,completed,cfmid_generated_spectra_ms2deepscore_similarity_full_supported_hybrid,12,12,CASMI_MOL_1196799,[M+H]+,192.138122780028,full_supported_query_candidate_set,9462,9462,0,0,6277.0,False,False,False,0.00015931177314,220.40358638763428
CASMI2022,CFM-ID + MS2DeepScore full-supported hybrid,completed,cfmid_generated_spectra_ms2deepscore_similarity_full_supported_hybrid,15,15,CASMI_MOL_1196802,[M+H]+,505.221679905913,full_supported_query_candidate_set,4775,4775,0,0,141.0,False,False,False,0.0070921985815602,119.22743153572084
CASMI2022,CFM-ID + MS2DeepScore full-supported hybrid,completed,cfmid_generated_spectra_ms2deepscore_similarity_full_supported_hybrid,16,16,CASMI_MOL_1196803,[M+H]+,522.596526377514,full_supported_query_candidate_set,103,103,0,0,5.0,False,True,True,0.2,2.5585973262786865
CASMI2022,CFM-ID + MS2DeepScore full-supported hybrid,completed,cfmid_generated_spectra_ms2deepscore_similarity_full_supported_hybrid,17,17,CASMI_MOL_1196804,[M+H]+,251.163916083717,full_supported_query_candidate_set,9564,9564,0,0,4330.0,False,False,False,0.000230946882217,331.28870487213135
CASMI2022,CFM-ID + MS2DeepScore full-supported hybrid,completed,cfmid_generated_spectra_ms2deepscore_similarity_full_supported_hybrid,18,18,CASMI_MOL_1196806,[M+H]+,199.096388145119,full_supported_query_candidate_set,6548,6548,0,0,723.0,False,False,False,0.0013831258644536,219.82390713691711
CASMI2022,CFM-ID + MS2DeepScore full-supported hybrid,completed,cfmid_generated_spectra_ms2deepscore_similarity_full_supported_hybrid,21,21,CASMI_MOL_1196809,[M+H]+,419.096457918953,full_supported_query_candidate_set,5615,5615,0,0,70.0,False,False,False,0.0142857142857142,143.583163022995
CASMI2022,CFM-ID + MS2DeepScore full-supported hybrid,completed,cfmid_generated_spectra_ms2deepscore_similarity_full_supported_hybrid,22,22,CASMI_MOL_1196810,[M+H]+,235.09602715843,full_supported_query_candidate_set,6294,6294,0,0,163.0,False,False,False,0.0061349693251533,208.1929841041565
CASMI2022,CFM-ID + MS2DeepScore full-supported hybrid,completed,cfmid_generated_spectra_ms2deepscore_similarity_full_supported_hybrid,23,23,CASMI_MOL_1196811,[M+H]+,305.24715503306,full_supported_query_candidate_set,5745,5745,0,0,78.0,False,False,False,0.0128205128205128,170.0821716785431
CASMI2022,CFM-ID + MS2DeepScore full-supported hybrid,completed,cfmid_generated_spectra_ms2deepscore_similarity_full_supported_hybrid,24,24,CASMI_MOL_1196813,[M+H]+,251.081286729391,full_supported_query_candidate_set,5015,5015,0,0,523.0,False,False,False,0.0019120458891013,140.5669846534729
CASMI2022,CFM-ID + MS2DeepScore full-supported hybrid,completed,cfmid_generated_spectra_ms2deepscore_similarity_full_supported_hybrid,25,25,CASMI_MOL_1196814,[M+H]+,256.190347458289,full_supported_query_candidate_set,9778,9778,0,0,45.0,False,False,False,0.0222222222222222,318.3164384365082
CASMI2022,CFM-ID + MS2DeepScore full-supported hybrid,completed,cfmid_generated_spectra_ms2deepscore_similarity_full_supported_hybrid,26,26,CASMI_MOL_1196815,[M+H]+,287.113248407357,full_supported_query_candidate_set,8521,8521,0,0,564.0,False,False,False,0.00177304964539,239.528948545456
CASMI2022,CFM-ID + MS2DeepScore full-supported hybrid,completed,cfmid_generated_spectra_ms2deepscore_similarity_full_supported_hybrid,27,27,CASMI_MOL_1196816,[M+H]+,564.248474121094,full_supported_query_candidate_set,3327,3327,0,0,69.0,False,False,False,0.0144927536231884,117.6545548439026
CASMI2022,CFM-ID + MS2DeepScore full-supported hybrid,completed,cfmid_generated_spectra_ms2deepscore_similarity_full_supported_hybrid,29,29,CASMI_MOL_1196818,[M+H]+,442.152698645402,full_supported_query_candidate_set,8062,8062,0,0,21.0,False,False,False,0.0476190476190476,175.97003269195557
CASMI2022,CFM-ID + MS2DeepScore full-supported hybrid,completed,cfmid_generated_spectra_ms2deepscore_similarity_full_supported_hybrid,31,31,CASMI_MOL_1196820,[M+H]+,268.169176279556,full_supported_query_candidate_set,9668,9668,0,0,200.0,False,False,False,0.005,311.1904332637787
CASMI2022,CFM-ID + MS2DeepScore full-supported hybrid,completed,cfmid_generated_spectra_ms2deepscore_similarity_full_supported_hybrid,34,34,CASMI_MOL_1196823,[M+H]+,88.075645446777,full_supported_query_candidate_set,457,457,0,0,7.0,False,False,True,0.1428571428571428,11.840370655059814
CASMI2022,CFM-ID + MS2DeepScore full-supported hybrid,completed,cfmid_generated_spectra_ms2deepscore_similarity_full_supported_hybrid,35,35,CASMI_MOL_1196824,[M+H]+,812.47884213126,full_supported_query_candidate_set,233,233,0,0,71.0,False,False,False,0.0140845070422535,7.23712682723999
CASMI2022,CFM-ID + MS2DeepScore full-supported hybrid,completed,cfmid_generated_spectra_ms2deepscore_similarity_full_supported_hybrid,37,37,CASMI_MOL_1196826,[M+H]+,335.220961257905,full_supported_query_candidate_set,8957,8957,0,0,1450.0,False,False,False,0.0006896551724137,283.519317150116
CASMI2022,CFM-ID + MS2DeepScore full-supported hybrid,completed,cfmid_generated_spectra_ms2deepscore_similarity_full_supported_hybrid,38,38,CASMI_MOL_1196827,[M+H]+,267.158658505007,full_supported_query_candidate_set,9532,9532,0,0,77.0,False,False,False,0.0129870129870129,303.13180208206177
CASMI2022,CFM-ID + MS2DeepScore full-supported hybrid,completed,cfmid_generated_spectra_ms2deepscore_similarity_full_supported_hybrid,39,39,CASMI_MOL_1196829,[M+H]+,110.059909596967,full_supported_query_candidate_set,859,859,0,0,327.0,False,False,False,0.0030581039755351,43.09628057479858
CASMI2022,CFM-ID + MS2DeepScore full-supported hybrid,completed,cfmid_generated_spectra_ms2deepscore_similarity_full_supported_hybrid,40,40,CASMI_MOL_1196830,[M+H]+,457.20099752921,full_supported_query_candidate_set,7695,7695,0,0,72.0,False,False,False,0.0138888888888888,277.9385204315185
CASMI2022,CFM-ID + MS2DeepScore full-supported hybrid,completed,cfmid_generated_spectra_ms2deepscore_similarity_full_supported_hybrid,41,41,CASMI_MOL_1196831,[M+H]+,484.216078579256,full_supported_query_candidate_set,5158,5158,0,0,2.0,False,True,True,0.5,176.0493483543396
CASMI2022,CFM-ID + MS2DeepScore full-supported hybrid,completed,cfmid_generated_spectra_ms2deepscore_similarity_full_supported_hybrid,42,42,CASMI_MOL_1196832,[M+H]+,395.232386610341,full_supported_query_candidate_set,9484,9484,0,0,954.0,False,False,False,0.0010482180293501,266.3188982009888
CASMI2022,CFM-ID + MS2DeepScore full-supported hybrid,completed,cfmid_generated_spectra_ms2deepscore_similarity_full_supported_hybrid,43,43,CASMI_MOL_1196833,[M+H]+,333.205381675245,full_supported_query_candidate_set,8937,8937,0,0,1183.0,False,False,False,0.0008453085376162,240.61412954330444
CASMI2022,CFM-ID + MS2DeepScore full-supported hybrid,completed,cfmid_generated_spectra_ms2deepscore_similarity_full_supported_hybrid,46,46,CASMI_MOL_1196837,[M+H]+,145.075823480782,full_supported_query_candidate_set,960,960,0,0,674.0,False,False,False,0.0014836795252225,29.422773838043213
CASMI2022,CFM-ID + MS2DeepScore full-supported hybrid,completed,cfmid_generated_spectra_ms2deepscore_similarity_full_supported_hybrid,48,48,CASMI_MOL_1196839,[M+H]+,429.226698960775,full_supported_query_candidate_set,9066,9066,0,0,822.0,False,False,False,0.0012165450121654,228.4840226173401
CASMI2022,CFM-ID + MS2DeepScore full-supported hybrid,completed,cfmid_generated_spectra_ms2deepscore_similarity_full_supported_hybrid,50,50,CASMI_MOL_1196841,[M+H]+,173.047241210938,full_supported_query_candidate_set,1506,1506,0,0,322.0,False,False,False,0.0031055900621118,52.41820406913757
CASMI2022,CFM-ID + MS2DeepScore full-supported hybrid,completed,cfmid_generated_spectra_ms2deepscore_similarity_full_supported_hybrid,51,51,CASMI_MOL_1196842,[M+H]+,739.243161879911,full_supported_query_candidate_set,558,558,0,0,388.0,False,False,False,0.0025773195876288,12.71186351776123
CASMI2022,CFM-ID + MS2DeepScore full-supported hybrid,completed,cfmid_generated_spectra_ms2deepscore_similarity_full_supported_hybrid,53,53,CASMI_MOL_1196844,[M+H]+,98.096313476563,full_supported_query_candidate_set,1206,1206,0,0,337.0,False,False,False,0.0029673590504451,28.08409786224365
CASMI2022,CFM-ID + MS2DeepScore full-supported hybrid,completed,cfmid_generated_spectra_ms2deepscore_similarity_full_supported_hybrid,54,54,CASMI_MOL_1196845,[M+H]+,212.081565615679,full_supported_query_candidate_set,6814,6814,0,0,1102.0,False,False,False,0.0009074410163339,201.78655624389648
CASMI2022,CFM-ID + MS2DeepScore full-supported hybrid,completed,cfmid_generated_spectra_ms2deepscore_similarity_full_supported_hybrid,55,55,CASMI_MOL_1196846,[M+H]+,349.200553291463,full_supported_query_candidate_set,9288,9288,0,0,932.0,False,False,False,0.0010729613733905,285.32379841804504
CASMI2022,CFM-ID + MS2DeepScore full-supported hybrid,completed,cfmid_generated_spectra_ms2deepscore_similarity_full_supported_hybrid,56,56,CASMI_MOL_1196828,[M+H]+,267.158989552775,full_supported_query_candidate_set,9532,9532,0,0,989.0,False,False,False,0.0010111223458038,273.83291029930115
CASMI2022,CFM-ID + MS2DeepScore full-supported hybrid,completed,cfmid_generated_spectra_ms2deepscore_similarity_full_supported_hybrid,58,58,CASMI_MOL_1196849,[M+H]+,127.075180638479,full_supported_query_candidate_set,2999,2999,0,0,900.0,False,False,False,0.0011111111111111,78.85814833641052
CASMI2022,CFM-ID + MS2DeepScore full-supported hybrid,completed,cfmid_generated_spectra_ms2deepscore_similarity_full_supported_hybrid,59,59,CASMI_MOL_1196850,[M+H]+,228.231926090935,full_supported_query_candidate_set,9219,9219,0,0,6801.0,False,False,False,0.0001470372004117,221.16328597068787
CASMI2022,CFM-ID + MS2DeepScore full-supported hybrid,completed,cfmid_generated_spectra_ms2deepscore_similarity_full_supported_hybrid,60,60,CASMI_MOL_1196851,[M+H]+,319.226352058803,full_supported_query_candidate_set,7090,7090,0,0,701.0,False,False,False,0.0014265335235378,178.32985043525696
CASMI2022,CFM-ID + MS2DeepScore full-supported hybrid,completed,cfmid_generated_spectra_ms2deepscore_similarity_full_supported_hybrid,61,61,CASMI_MOL_1196853,[M+H]+,485.216505310484,full_supported_query_candidate_set,8027,8027,0,0,972.0,False,False,False,0.0010288065843621,203.2815194129944
CASMI2022,CFM-ID + MS2DeepScore full-supported hybrid,completed,cfmid_generated_spectra_ms2deepscore_similarity_full_supported_hybrid,64,64,CASMI_MOL_1196856,[M+H]+,705.237865088362,full_supported_query_candidate_set,817,817,0,0,207.0,False,False,False,0.0048309178743961,25.125630140304565
CASMI2022,CFM-ID + MS2DeepScore full-supported hybrid,completed,cfmid_generated_spectra_ms2deepscore_similarity_full_supported_hybrid,65,65,CASMI_MOL_1196857,[M+H]+,249.148315429688,full_supported_query_candidate_set,9590,9590,0,0,4858.0,False,False,False,0.0002058460271716,371.4442217350006
CASMI2022,CFM-ID + MS2DeepScore full-supported hybrid,completed,cfmid_generated_spectra_ms2deepscore_similarity_full_supported_hybrid,68,68,CASMI_MOL_1196860,[M+H]+,114.127519082222,full_supported_query_candidate_set,1511,1511,0,0,686.0,False,False,False,0.0014577259475218,59.0925772190094
CASMI2022,CFM-ID + MS2DeepScore full-supported hybrid,completed,cfmid_generated_spectra_ms2deepscore_similarity_full_supported_hybrid,69,69,CASMI_MOL_1196861,[M+H]+,282.169477178943,full_supported_query_candidate_set,9556,9556,0,0,20.0,False,False,False,0.05,272.8697593212128
CASMI2022,CFM-ID + MS2DeepScore full-supported hybrid,completed,cfmid_generated_spectra_ms2deepscore_similarity_full_supported_hybrid,70,70,CASMI_MOL_1196862,[M+H]+,331.189924191026,full_supported_query_candidate_set,8926,8926,0,0,1055.0,False,False,False,0.0009478672985781,252.52133655548096
CASMI2022,CFM-ID + MS2DeepScore full-supported hybrid,completed,cfmid_generated_spectra_ms2deepscore_similarity_full_supported_hybrid,71,71,CASMI_MOL_1196863,[M+H]+,169.12214356171,full_supported_query_candidate_set,9485,9485,0,0,81.0,False,False,False,0.0123456790123456,263.30116391181946
CASMI2022,CFM-ID + MS2DeepScore full-supported hybrid,completed,cfmid_generated_spectra_ms2deepscore_similarity_full_supported_hybrid,74,74,CASMI_MOL_1196866,[M+H]+,144.138018811886,full_supported_query_candidate_set,7251,7251,0,0,848.0,False,False,False,0.0011792452830188,191.0226812362671
CASMI2022,CFM-ID + MS2DeepScore full-supported hybrid,completed,cfmid_generated_spectra_ms2deepscore_similarity_full_supported_hybrid,75,75,CASMI_MOL_1196867,[M+H]+,287.048180621777,full_supported_query_candidate_set,4498,4498,0,0,22.0,False,False,False,0.0454545454545454,120.08830642700195
CASMI2022,CFM-ID + MS2DeepScore full-supported hybrid,completed,cfmid_generated_spectra_ms2deepscore_similarity_full_supported_hybrid,76,76,CASMI_MOL_1196812,[M+H]+,305.247069182952,full_supported_query_candidate_set,5745,5745,0,0,1625.0,False,False,False,0.0006153846153846,125.77042627334596
CASMI2022,CFM-ID + MS2DeepScore full-supported hybrid,completed,cfmid_generated_spectra_ms2deepscore_similarity_full_supported_hybrid,77,77,CASMI_MOL_1196868,[M+H]+,399.237181334685,full_supported_query_candidate_set,8719,8719,0,0,265.0,False,False,False,0.0037735849056603,225.4651937484741
CASMI2022,CFM-ID + MS2DeepScore full-supported hybrid,completed,cfmid_generated_spectra_ms2deepscore_similarity_full_supported_hybrid,78,78,CASMI_MOL_1196869,[M+H]+,103.086471920208,full_supported_query_candidate_set,787,787,0,0,3.0,False,True,True,0.3333333333333333,16.221435546875
CASMI2022,CFM-ID + MS2DeepScore full-supported hybrid,completed,cfmid_generated_spectra_ms2deepscore_similarity_full_supported_hybrid,79,79,CASMI_MOL_1196870,[M+H]+,330.205834046795,full_supported_query_candidate_set,7821,7821,0,0,2698.0,False,False,False,0.0003706449221645,185.89058756828308
CASMI2022,CFM-ID + MS2DeepScore full-supported hybrid,completed,cfmid_generated_spectra_ms2deepscore_similarity_full_supported_hybrid,80,80,CASMI_MOL_1196871,[M+H]+,303.122479714061,full_supported_query_candidate_set,7809,7809,0,0,307.0,False,False,False,0.003257328990228,186.46967816352844
CASMI2022,CFM-ID + MS2DeepScore full-supported hybrid,completed,cfmid_generated_spectra_ms2deepscore_similarity_full_supported_hybrid,82,82,CASMI_MOL_1196873,[M+H]+,140.106780463631,full_supported_query_candidate_set,5788,5788,0,0,2609.0,False,False,False,0.000383288616328,111.02705001831056
CASMI2022,CFM-ID + MS2DeepScore full-supported hybrid,completed,cfmid_generated_spectra_ms2deepscore_similarity_full_supported_hybrid,83,83,CASMI_MOL_1196874,[M+H]+,229.143216539695,full_supported_query_candidate_set,9564,9564,0,0,678.0,False,False,False,0.0014749262536873,218.04466772079468
CASMI2022,CFM-ID + MS2DeepScore full-supported hybrid,completed,cfmid_generated_spectra_ms2deepscore_similarity_full_supported_hybrid,84,84,CASMI_MOL_1196852,[M+H]+,319.226464781691,full_supported_query_candidate_set,7090,7090,0,0,1941.0,False,False,False,0.0005151983513652,159.28493571281433
CASMI2022,CFM-ID + MS2DeepScore full-supported hybrid,completed,cfmid_generated_spectra_ms2deepscore_similarity_full_supported_hybrid,87,87,CASMI_MOL_1196876,[M+H]+,148.075452106098,full_supported_query_candidate_set,2560,2560,0,0,468.0,False,False,False,0.0021367521367521,59.18140959739685
CASMI2022,CFM-ID + MS2DeepScore full-supported hybrid,completed,cfmid_generated_spectra_ms2deepscore_similarity_full_supported_hybrid,88,88,CASMI_MOL_1196877,[M+H]+,489.123474121094,full_supported_query_candidate_set,6054,6054,0,0,1503.0,False,False,False,0.0006653359946773,131.09131503105164
CASMI2022,CFM-ID + MS2DeepScore full-supported hybrid,completed,cfmid_generated_spectra_ms2deepscore_similarity_full_supported_hybrid,89,89,CASMI_MOL_1196805,[M+H]+,251.163883088621,full_supported_query_candidate_set,9564,9564,0,0,2156.0,False,False,False,0.0004638218923933,267.2465934753418
CASMI2022,CFM-ID + MS2DeepScore full-supported hybrid,completed,cfmid_generated_spectra_ms2deepscore_similarity_full_supported_hybrid,90,90,CASMI_MOL_1196878,[M+H]+,337.273519236211,full_supported_query_candidate_set,1959,1959,0,0,1142.0,False,False,False,0.0008756567425569,45.49215149879456
CASMI2022,CFM-ID + MS2DeepScore full-supported hybrid,completed,cfmid_generated_spectra_ms2deepscore_similarity_full_supported_hybrid,93,93,CASMI_MOL_1196881,[M+H]+,278.117219218254,full_supported_query_candidate_set,9460,9460,0,0,6.0,False,False,True,0.1666666666666666,260.270756483078
CASMI2022,CFM-ID + MS2DeepScore full-supported hybrid,completed,cfmid_generated_spectra_ms2deepscore_similarity_full_supported_hybrid,94,94,CASMI_MOL_1196882,[M+H]+,531.4400905022,full_supported_query_candidate_set,347,347,0,0,43.0,False,False,False,0.0232558139534883,6.257058382034302
CASMI2022,CFM-ID + MS2DeepScore full-supported hybrid,completed,cfmid_generated_spectra_ms2deepscore_similarity_full_supported_hybrid,95,95,CASMI_MOL_1196883,[M+H]+,589.299949560662,full_supported_query_candidate_set,1877,1877,0,0,34.0,False,False,False,0.0294117647058823,85.06585812568665
CASMI2022,CFM-ID + MS2DeepScore full-supported hybrid,completed,cfmid_generated_spectra_ms2deepscore_similarity_full_supported_hybrid,96,96,CASMI_MOL_1196884,[M+H]+,421.2579102945,full_supported_query_candidate_set,6683,6683,0,0,846.0,False,False,False,0.0011820330969267,272.4096233844757
CASMI2022,CFM-ID + MS2DeepScore full-supported hybrid,completed,cfmid_generated_spectra_ms2deepscore_similarity_full_supported_hybrid,98,98,CASMI_MOL_1196886,[M+H]+,453.238635252155,full_supported_query_candidate_set,9270,9270,0,0,2166.0,False,False,False,0.0004616805170821,284.2223467826843
CASMI2022,CFM-ID + MS2DeepScore full-supported hybrid,completed,cfmid_generated_spectra_ms2deepscore_similarity_full_supported_hybrid,99,99,CASMI_MOL_1196887,[M+H]+,455.1485326536,full_supported_query_candidate_set,6863,6863,0,0,910.0,False,False,False,0.001098901098901,180.9775395393372
CASMI2022,CFM-ID + MS2DeepScore full-supported hybrid,completed,cfmid_generated_spectra_ms2deepscore_similarity_full_supported_hybrid,100,100,CASMI_MOL_1196888,[M+H]+,329.231892370686,full_supported_query_candidate_set,6530,6530,0,0,209.0,False,False,False,0.0047846889952153,183.8156950473785
CASMI2022,CFM-ID + MS2DeepScore full-supported hybrid,completed,cfmid_generated_spectra_ms2deepscore_similarity_full_supported_hybrid,101,101,CASMI_MOL_1196890,[M+H]+,265.106995360766,full_supported_query_candidate_set,7839,7839,0,0,1200.0,False,False,False,0.0008333333333333,224.9309525489807
CASMI2022,CFM-ID + MS2DeepScore full-supported hybrid,completed,cfmid_generated_spectra_ms2deepscore_similarity_full_supported_hybrid,102,102,CASMI_MOL_1196891,[M+H]+,403.232045400965,full_supported_query_candidate_set,4859,4859,0,0,809.0,False,False,False,0.0012360939431396,145.99061608314514
CASMI2022,CFM-ID + MS2DeepScore full-supported hybrid,completed,cfmid_generated_spectra_ms2deepscore_similarity_full_supported_hybrid,104,104,CASMI_MOL_1196893,[M+H]+,249.078750610352,full_supported_query_candidate_set,8559,8559,0,0,830.0,False,False,False,0.0012048192771084,233.61593198776245
CASMI2022,CFM-ID + MS2DeepScore full-supported hybrid,completed,cfmid_generated_spectra_ms2deepscore_similarity_full_supported_hybrid,105,105,CASMI_MOL_1196894,[M+H]+,361.200375071837,full_supported_query_candidate_set,9237,9237,0,0,56.0,False,False,False,0.0178571428571428,280.2039074897766
CASMI2022,CFM-ID + MS2DeepScore full-supported hybrid,completed,cfmid_generated_spectra_ms2deepscore_similarity_full_supported_hybrid,106,106,CASMI_MOL_1196895,[M+H]+,297.107910928399,full_supported_query_candidate_set,9491,9491,0,0,239.0,False,False,False,0.00418410041841,245.3407018184662
CASMI2022,CFM-ID + MS2DeepScore full-supported hybrid,completed,cfmid_generated_spectra_ms2deepscore_similarity_full_supported_hybrid,107,107,CASMI_MOL_1196896,[M+H]+,317.210886689853,full_supported_query_candidate_set,8301,8301,0,0,169.0,False,False,False,0.0059171597633136,266.7501697540283
CASMI2022,CFM-ID + MS2DeepScore full-supported hybrid,completed,cfmid_generated_spectra_ms2deepscore_similarity_full_supported_hybrid,108,108,CASMI_MOL_1196899,[M+H]+,211.143956950586,full_supported_query_candidate_set,9739,9739,0,0,18.0,False,False,False,0.0555555555555555,331.9085748195648
CASMI2022,CFM-ID + MS2DeepScore full-supported hybrid,completed,cfmid_generated_spectra_ms2deepscore_similarity_full_supported_hybrid,109,109,CASMI_MOL_1196900,[M+H]+,465.102494314505,full_supported_query_candidate_set,4864,4864,0,0,82.0,False,False,False,0.0121951219512195,201.29866290092468
CASMI2022,CFM-ID + MS2DeepScore full-supported hybrid,completed,cfmid_generated_spectra_ms2deepscore_similarity_full_supported_hybrid,111,111,CASMI_MOL_1196902,[M+H]+,173.091842651367,full_supported_query_candidate_set,2744,2744,0,0,2121.0,False,False,False,0.0004714757190004,98.6814785003662
CASMI2022,CFM-ID + MS2DeepScore full-supported hybrid,completed,cfmid_generated_spectra_ms2deepscore_similarity_full_supported_hybrid,112,112,CASMI_MOL_1196903,[M+H]+,275.127474208511,full_supported_query_candidate_set,9092,9092,0,0,1016.0,False,False,False,0.0009842519685039,279.3490059375763
CASMI2022,CFM-ID + MS2DeepScore full-supported hybrid,completed,cfmid_generated_spectra_ms2deepscore_similarity_full_supported_hybrid,113,113,CASMI_MOL_1196905,[M+H]+,384.237576499794,full_supported_query_candidate_set,7164,7164,0,0,13.0,False,False,False,0.0769230769230769,188.2925710678101
CASMI2022,CFM-ID + MS2DeepScore full-supported hybrid,completed,cfmid_generated_spectra_ms2deepscore_similarity_full_supported_hybrid,114,114,CASMI_MOL_1196906,[M+H]+,773.212341308594,full_supported_query_candidate_set,689,689,0,0,72.0,False,False,False,0.0138888888888888,14.48453164100647
CASMI2022,CFM-ID + MS2DeepScore full-supported hybrid,completed,cfmid_generated_spectra_ms2deepscore_similarity_full_supported_hybrid,115,115,CASMI_MOL_1196907,[M+H]+,487.341135509272,full_supported_query_candidate_set,1876,1876,0,0,439.0,False,False,False,0.0022779043280182,46.63593912124634
CASMI2022,CFM-ID + MS2DeepScore full-supported hybrid,completed,cfmid_generated_spectra_ms2deepscore_similarity_full_supported_hybrid,116,116,CASMI_MOL_1196909,[M+H]+,227.117682198429,full_supported_query_candidate_set,9725,9725,0,0,3012.0,False,False,False,0.0003320053120849,246.7545900344849
CASMI2022,CFM-ID + MS2DeepScore full-supported hybrid,completed,cfmid_generated_spectra_ms2deepscore_similarity_full_supported_hybrid,119,119,CASMI_MOL_1196912,[M+H]+,277.133189720886,full_supported_query_candidate_set,9424,9424,0,0,7333.0,False,False,False,0.0001363698349924,209.09078574180603
CASMI2022,CFM-ID + MS2DeepScore full-supported hybrid,completed,cfmid_generated_spectra_ms2deepscore_similarity_full_supported_hybrid,120,120,CASMI_MOL_1196913,[M+H]+,235.16901312256,full_supported_query_candidate_set,9633,9633,0,0,1719.0,False,False,False,0.0005817335660267,197.6524453163147
CASMI2022,CFM-ID + MS2DeepScore full-supported hybrid,completed,cfmid_generated_spectra_ms2deepscore_similarity_full_supported_hybrid,121,121,CASMI_MOL_1196918,[M+H]+,311.148594834163,full_supported_query_candidate_set,9371,9371,0,0,503.0,False,False,False,0.0019880715705765,201.3888030052185
CASMI2022,CFM-ID + MS2DeepScore full-supported hybrid,completed,cfmid_generated_spectra_ms2deepscore_similarity_full_supported_hybrid,122,122,CASMI_MOL_1196919,[M+H]+,516.258822820097,full_supported_query_candidate_set,3108,3108,0,0,728.0,False,False,False,0.0013736263736263,122.25227761268616
CASMI2022,CFM-ID + MS2DeepScore full-supported hybrid,completed,cfmid_generated_spectra_ms2deepscore_similarity_full_supported_hybrid,123,123,CASMI_MOL_1196920,[M+H]+,287.05477511929,full_supported_query_candidate_set,2103,2103,0,0,101.0,False,False,False,0.0099009900990099,91.00844979286194
CASMI2022,CFM-ID + MS2DeepScore full-supported hybrid,completed,cfmid_generated_spectra_ms2deepscore_similarity_full_supported_hybrid,126,126,CASMI_MOL_1196923,[M+H]+,293.164467938574,full_supported_query_candidate_set,9036,9036,0,0,455.0,False,False,False,0.0021978021978021,354.68474435806274
CASMI2022,CFM-ID + MS2DeepScore full-supported hybrid,completed,cfmid_generated_spectra_ms2deepscore_similarity_full_supported_hybrid,127,127,CASMI_MOL_1196924,[M+H]+,485.325432421438,full_supported_query_candidate_set,1657,1657,0,0,457.0,False,False,False,0.0021881838074398,36.95702123641968
CASMI2022,CFM-ID + MS2DeepScore full-supported hybrid,completed,cfmid_generated_spectra_ms2deepscore_similarity_full_supported_hybrid,128,128,CASMI_MOL_1196925,[M+H]+,266.102037994695,full_supported_query_candidate_set,9700,9700,0,0,12.0,False,False,False,0.0833333333333333,252.31712007522583
CASMI2022,CFM-ID + MS2DeepScore full-supported hybrid,completed,cfmid_generated_spectra_ms2deepscore_similarity_full_supported_hybrid,129,129,CASMI_MOL_1196897,[M+H]+,317.210865326987,full_supported_query_candidate_set,8301,8301,0,0,129.0,False,False,False,0.0077519379844961,229.91582894325256
CASMI2022,CFM-ID + MS2DeepScore full-supported hybrid,completed,cfmid_generated_spectra_ms2deepscore_similarity_full_supported_hybrid,130,130,CASMI_MOL_1196926,[M+H]+,273.111899404508,full_supported_query_candidate_set,9113,9113,0,0,374.0,False,False,False,0.0026737967914438,251.294557094574
CASMI2022,CFM-ID + MS2DeepScore full-supported hybrid,completed,cfmid_generated_spectra_ms2deepscore_similarity_full_supported_hybrid,131,131,CASMI_MOL_1196928,[M+H]+,226.143449486821,full_supported_query_candidate_set,9650,9650,0,0,1785.0,False,False,False,0.0005602240896358,268.9589719772339
CASMI2022,CFM-ID + MS2DeepScore full-supported hybrid,completed,cfmid_generated_spectra_ms2deepscore_similarity_full_supported_hybrid,132,132,CASMI_MOL_1196929,[M+H]+,343.190181065075,full_supported_query_candidate_set,9018,9018,0,0,1287.0,False,False,False,0.0007770007770007,224.139886379242
CASMI2022,CFM-ID + MS2DeepScore full-supported hybrid,completed,cfmid_generated_spectra_ms2deepscore_similarity_full_supported_hybrid,135,135,CASMI_MOL_1196933,[M+H]+,352.237811279235,full_supported_query_candidate_set,6577,6577,0,0,361.0,False,False,False,0.002770083102493,141.4593334197998
CASMI2022,CFM-ID + MS2DeepScore full-supported hybrid,completed,cfmid_generated_spectra_ms2deepscore_similarity_full_supported_hybrid,136,136,CASMI_MOL_1196934,[M+H]+,273.205748250264,full_supported_query_candidate_set,9626,9626,0,0,160.0,False,False,False,0.00625,217.44740891456604
CASMI2022,CFM-ID + MS2DeepScore full-supported hybrid,completed,cfmid_generated_spectra_ms2deepscore_similarity_full_supported_hybrid,137,137,CASMI_MOL_1196935,[M+H]+,413.159051409611,full_supported_query_candidate_set,8774,8774,0,0,673.0,False,False,False,0.0014858841010401,269.6879658699036
CASMI2022,CFM-ID + MS2DeepScore full-supported hybrid,completed,cfmid_generated_spectra_ms2deepscore_similarity_full_supported_hybrid,138,138,CASMI_MOL_1196936,[M+H]+,387.179762289554,full_supported_query_candidate_set,8939,8939,0,0,152.0,False,False,False,0.006578947368421,286.2521789073944
CASMI2022,CFM-ID + MS2DeepScore full-supported hybrid,completed,cfmid_generated_spectra_ms2deepscore_similarity_full_supported_hybrid,139,139,CASMI_MOL_1196937,[M+H]+,903.254552637546,full_supported_query_candidate_set,631,631,0,0,269.0,False,False,False,0.0037174721189591,21.037336826324463
CASMI2022,CFM-ID + MS2DeepScore full-supported hybrid,completed,cfmid_generated_spectra_ms2deepscore_similarity_full_supported_hybrid,140,140,CASMI_MOL_1196939,[M+H]+,275.163851548862,full_supported_query_candidate_set,9134,9134,0,0,92.0,False,False,False,0.0108695652173913,248.5337190628052
CASMI2022,CFM-ID + MS2DeepScore full-supported hybrid,completed,cfmid_generated_spectra_ms2deepscore_similarity_full_supported_hybrid,142,142,CASMI_MOL_1196942,[M+H]+,371.148665955677,full_supported_query_candidate_set,9236,9236,0,0,2218.0,False,False,False,0.0004508566275924,319.6206166744232
CASMI2022,CFM-ID + MS2DeepScore full-supported hybrid,completed,cfmid_generated_spectra_ms2deepscore_similarity_full_supported_hybrid,143,143,CASMI_MOL_1196943,[M+H]+,377.159048235277,full_supported_query_candidate_set,8691,8691,0,0,36.0,False,False,False,0.0277777777777777,215.9159150123596
CASMI2022,CFM-ID + MS2DeepScore full-supported hybrid,completed,cfmid_generated_spectra_ms2deepscore_similarity_full_supported_hybrid,144,144,CASMI_MOL_1196944,[M+H]+,281.138108031761,full_supported_query_candidate_set,9540,9540,0,0,615.0,False,False,False,0.0016260162601626,241.23285126686096
CASMI2022,CFM-ID + MS2DeepScore full-supported hybrid,completed,cfmid_generated_spectra_ms2deepscore_similarity_full_supported_hybrid,145,145,CASMI_MOL_1196938,[M+H]+,903.254591557378,full_supported_query_candidate_set,316,316,0,0,30.0,False,False,False,0.0333333333333333,7.466407537460327
CASMI2022,CFM-ID + MS2DeepScore full-supported hybrid,completed,cfmid_generated_spectra_ms2deepscore_similarity_full_supported_hybrid,146,146,CASMI_MOL_1196945,[M+H]+,659.305358886719,full_supported_query_candidate_set,1277,1277,0,0,240.0,False,False,False,0.0041666666666666,28.52731823921204
CASMI2022,CFM-ID + MS2DeepScore full-supported hybrid,completed,cfmid_generated_spectra_ms2deepscore_similarity_full_supported_hybrid,147,147,CASMI_MOL_1196946,[M+H]+,417.247928865327,full_supported_query_candidate_set,4034,4034,0,0,146.0,False,False,False,0.0068493150684931,104.63637614250185
CASMI2022,CFM-ID + MS2DeepScore full-supported hybrid,completed,cfmid_generated_spectra_ms2deepscore_similarity_full_supported_hybrid,149,149,CASMI_MOL_1196948,[M+H]+,369.132758072946,full_supported_query_candidate_set,9235,9235,0,0,248.0,False,False,False,0.0040322580645161,186.3184995651245
CASMI2022,CFM-ID + MS2DeepScore full-supported hybrid,completed,cfmid_generated_spectra_ms2deepscore_similarity_full_supported_hybrid,150,150,CASMI_MOL_1196949,[M+H]+,379.245232516541,full_supported_query_candidate_set,7703,7703,0,0,7466.0,False,False,False,0.0001339405304045,248.89692878723145
CASMI2022,CFM-ID + MS2DeepScore full-supported hybrid,completed,cfmid_generated_spectra_ms2deepscore_similarity_full_supported_hybrid,151,151,CASMI_MOL_1196950,[M+H]+,223.059992250151,full_supported_query_candidate_set,1793,1793,0,0,1487.0,False,False,False,0.0006724949562878,56.416544914245605
CASMI2022,CFM-ID + MS2DeepScore full-supported hybrid,completed,cfmid_generated_spectra_ms2deepscore_similarity_full_supported_hybrid,155,155,CASMI_MOL_1196954,[M+H]+,383.178221106453,full_supported_query_candidate_set,9273,9273,0,0,13.0,False,False,False,0.0769230769230769,282.8719644546509
CASMI2022,CFM-ID + MS2DeepScore full-supported hybrid,completed,cfmid_generated_spectra_ms2deepscore_similarity_full_supported_hybrid,156,156,CASMI_MOL_1196955,[M+H]+,331.175020785177,full_supported_query_candidate_set,8995,8995,0,0,214.0,False,False,False,0.0046728971962616,212.39149808883667
CASMI2022,CFM-ID + MS2DeepScore full-supported hybrid,completed,cfmid_generated_spectra_ms2deepscore_similarity_full_supported_hybrid,157,157,CASMI_MOL_1196956,[M+H]+,243.101852416992,full_supported_query_candidate_set,6956,6956,0,0,2744.0,False,False,False,0.0003644314868804,187.16085386276245
CASMI2022,CFM-ID + MS2DeepScore full-supported hybrid,completed,cfmid_generated_spectra_ms2deepscore_similarity_full_supported_hybrid,158,158,CASMI_MOL_1196958,[M+H]+,500.26370961297,full_supported_query_candidate_set,3729,3729,0,0,1823.0,False,False,False,0.0005485463521667,89.91343998908997
CASMI2022,CFM-ID + MS2DeepScore full-supported hybrid,completed,cfmid_generated_spectra_ms2deepscore_similarity_full_supported_hybrid,159,159,CASMI_MOL_1196914,[M+H]+,235.169138407502,full_supported_query_candidate_set,9633,9633,0,0,4691.0,False,False,False,0.0002131741632914,223.4647212028504
CASMI2022,CFM-ID + MS2DeepScore full-supported hybrid,completed,cfmid_generated_spectra_ms2deepscore_similarity_full_supported_hybrid,163,163,CASMI_MOL_1196962,[M+H]+,778.412071426478,full_supported_query_candidate_set,361,361,0,0,336.0,False,False,False,0.0029761904761904,7.80959677696228
CASMI2022,CFM-ID + MS2DeepScore full-supported hybrid,completed,cfmid_generated_spectra_ms2deepscore_similarity_full_supported_hybrid,164,164,CASMI_MOL_1196963,[M+H]+,319.174937465293,full_supported_query_candidate_set,9014,9014,0,0,97.0,False,False,False,0.0103092783505154,212.6267302036285
CASMI2022,CFM-ID + MS2DeepScore full-supported hybrid,completed,cfmid_generated_spectra_ms2deepscore_similarity_full_supported_hybrid,165,165,CASMI_MOL_1196937,[M+H]+,903.254435229549,full_supported_query_candidate_set,631,631,0,0,339.0,False,False,False,0.0029498525073746,13.660603046417236
CASMI2022,CFM-ID + MS2DeepScore full-supported hybrid,completed,cfmid_generated_spectra_ms2deepscore_similarity_full_supported_hybrid,166,166,CASMI_MOL_1196964,[M+H]+,197.117068765905,full_supported_query_candidate_set,6879,6879,0,0,1136.0,False,False,False,0.0008802816901408,165.411847114563
CASMI2022,CFM-ID + MS2DeepScore full-supported hybrid,completed,cfmid_generated_spectra_ms2deepscore_similarity_full_supported_hybrid,169,169,CASMI_MOL_1196967,[M+H]+,586.21728515625,full_supported_query_candidate_set,4670,4670,0,0,344.0,False,False,False,0.002906976744186,177.22192549705505
CASMI2022,CFM-ID + MS2DeepScore full-supported hybrid,completed,cfmid_generated_spectra_ms2deepscore_similarity_full_supported_hybrid,170,170,CASMI_MOL_1196898,[M+H]+,317.210941458283,full_supported_query_candidate_set,8301,8301,0,0,221.0,False,False,False,0.004524886877828,294.218594789505
CASMI2022,CFM-ID + MS2DeepScore full-supported hybrid,completed,cfmid_generated_spectra_ms2deepscore_similarity_full_supported_hybrid,171,171,CASMI_MOL_1196968,[M+H]+,647.232372764582,full_supported_query_candidate_set,1728,1728,0,0,80.0,False,False,False,0.0125,47.39805960655213
CASMI2022,CFM-ID + MS2DeepScore full-supported hybrid,completed,cfmid_generated_spectra_ms2deepscore_similarity_full_supported_hybrid,172,172,CASMI_MOL_1196879,[M+H]+,337.273350277786,full_supported_query_candidate_set,1959,1959,0,0,748.0,False,False,False,0.0013368983957219,48.00729584693909
CASMI2022,CFM-ID + MS2DeepScore full-supported hybrid,completed,cfmid_generated_spectra_ms2deepscore_similarity_full_supported_hybrid,173,173,CASMI_MOL_1196969,[M+H]+,417.138772181597,full_supported_query_candidate_set,8918,8918,0,0,497.0,False,False,False,0.0020120724346076,259.55242228508
CASMI2022,CFM-ID + MS2DeepScore full-supported hybrid,completed,cfmid_generated_spectra_ms2deepscore_similarity_full_supported_hybrid,176,176,CASMI_MOL_1196972,[M+H]+,611.196249141132,full_supported_query_candidate_set,2390,2390,0,0,221.0,False,False,False,0.004524886877828,84.28933477401733
CASMI2022,CFM-ID + MS2DeepScore full-supported hybrid,completed,cfmid_generated_spectra_ms2deepscore_similarity_full_supported_hybrid,177,177,CASMI_MOL_1196973,[M+H]+,813.264282226563,full_supported_query_candidate_set,336,336,0,0,20.0,False,False,False,0.05,15.11352038383484
CASMI2022,CFM-ID + MS2DeepScore full-supported hybrid,completed,cfmid_generated_spectra_ms2deepscore_similarity_full_supported_hybrid,178,178,CASMI_MOL_1196974,[M+H]+,369.230865478516,full_supported_query_candidate_set,2608,2608,0,0,259.0,False,False,False,0.0038610038610038,112.30470299720764
CASMI2022,CFM-ID + MS2DeepScore full-supported hybrid,completed,cfmid_generated_spectra_ms2deepscore_similarity_full_supported_hybrid,179,179,CASMI_MOL_1196975,[M+H]+,417.201470595733,full_supported_query_candidate_set,8960,8960,0,0,1688.0,False,False,False,0.0005924170616113,346.3905522823334
CASMI2022,CFM-ID + MS2DeepScore full-supported hybrid,completed,cfmid_generated_spectra_ms2deepscore_similarity_full_supported_hybrid,180,180,CASMI_MOL_1196976,[M+H]+,491.226984056055,full_supported_query_candidate_set,6387,6387,0,0,299.0,False,False,False,0.0033444816053511,163.8056390285492
CASMI2022,CFM-ID + MS2DeepScore full-supported hybrid,completed,cfmid_generated_spectra_ms2deepscore_similarity_full_supported_hybrid,181,181,CASMI_MOL_1196915,[M+H]+,235.169064683683,full_supported_query_candidate_set,9633,9633,0,0,4407.0,False,False,False,0.0002269117313365,252.31603622436523
CASMI2022,CFM-ID + MS2DeepScore full-supported hybrid,completed,cfmid_generated_spectra_ms2deepscore_similarity_full_supported_hybrid,185,185,CASMI_MOL_1196979,[M+H]+,193.085852176167,full_supported_query_candidate_set,6320,6320,0,0,2755.0,False,False,False,0.0003629764065335,153.88653802871704
CASMI2022,CFM-ID + MS2DeepScore full-supported hybrid,completed,cfmid_generated_spectra_ms2deepscore_similarity_full_supported_hybrid,186,186,CASMI_MOL_1196980,[M+H]+,267.122505644981,full_supported_query_candidate_set,9661,9661,0,0,46.0,False,False,False,0.0217391304347826,200.9707474708557
CASMI2022,CFM-ID + MS2DeepScore full-supported hybrid,completed,cfmid_generated_spectra_ms2deepscore_similarity_full_supported_hybrid,187,187,CASMI_MOL_1196981,[M+H]+,403.138301404899,full_supported_query_candidate_set,8418,8418,0,0,924.0,False,False,False,0.001082251082251,180.93993592262268
CASMI2022,CFM-ID + MS2DeepScore full-supported hybrid,completed,cfmid_generated_spectra_ms2deepscore_similarity_full_supported_hybrid,188,188,CASMI_MOL_1196982,[M+H]+,469.22139095747,full_supported_query_candidate_set,6643,6643,0,0,349.0,False,False,False,0.0028653295128939,174.27162194252014
CASMI2022,CFM-ID + MS2DeepScore full-supported hybrid,completed,cfmid_generated_spectra_ms2deepscore_similarity_full_supported_hybrid,189,189,CASMI_MOL_1196983,[M+H]+,368.217760698508,full_supported_query_candidate_set,3839,3839,0,0,28.0,False,False,False,0.0357142857142857,111.61001110076904
CASMI2022,CFM-ID + MS2DeepScore full-supported hybrid,completed,cfmid_generated_spectra_ms2deepscore_similarity_full_supported_hybrid,190,190,CASMI_MOL_1196940,[M+H]+,275.163853197791,full_supported_query_candidate_set,9134,9134,0,0,3490.0,False,False,False,0.0002865329512893,287.04108572006226
CASMI2022,CFM-ID + MS2DeepScore full-supported hybrid,completed,cfmid_generated_spectra_ms2deepscore_similarity_full_supported_hybrid,191,191,CASMI_MOL_1196908,[M+H]+,487.341250778403,full_supported_query_candidate_set,1876,1876,0,0,790.0,False,False,False,0.0012658227848101,74.71222925186157
CASMI2022,CFM-ID + MS2DeepScore full-supported hybrid,completed,cfmid_generated_spectra_ms2deepscore_similarity_full_supported_hybrid,192,192,CASMI_MOL_1196984,[M+H]+,661.39362166225,full_supported_query_candidate_set,735,735,0,0,112.0,False,False,False,0.0089285714285714,26.647974729537964
CASMI2022,CFM-ID + MS2DeepScore full-supported hybrid,completed,cfmid_generated_spectra_ms2deepscore_similarity_full_supported_hybrid,193,193,CASMI_MOL_1196985,[M+H]+,441.226683930043,full_supported_query_candidate_set,7937,7937,0,0,488.0,False,False,False,0.0020491803278688,277.4930739402771
CASMI2022,CFM-ID + MS2DeepScore full-supported hybrid,completed,cfmid_generated_spectra_ms2deepscore_similarity_full_supported_hybrid,194,194,CASMI_MOL_1196986,[M+H]+,315.090498851477,full_supported_query_candidate_set,9378,9378,0,0,85.0,False,False,False,0.0117647058823529,305.9118993282318
CASMI2022,CFM-ID + MS2DeepScore full-supported hybrid,completed,cfmid_generated_spectra_ms2deepscore_similarity_full_supported_hybrid,195,195,CASMI_MOL_1196987,[M+H]+,663.227678443159,full_supported_query_candidate_set,1274,1274,0,0,218.0,False,False,False,0.0045871559633027,52.81989336013794
CASMI2022,CFM-ID + MS2DeepScore full-supported hybrid,completed,cfmid_generated_spectra_ms2deepscore_similarity_full_supported_hybrid,196,196,CASMI_MOL_1196988,[M+H]+,486.259335227713,full_supported_query_candidate_set,4522,4522,0,0,4184.0,False,False,False,0.0002390057361376,120.55381536483765
CASMI2022,CFM-ID + MS2DeepScore full-supported hybrid,completed,cfmid_generated_spectra_ms2deepscore_similarity_full_supported_hybrid,199,199,CASMI_MOL_1196991,[M+H]+,336.064621637157,full_supported_query_candidate_set,4447,4447,0,0,3798.0,False,False,False,0.0002632964718272,121.22289681434631
CASMI2022,CFM-ID + MS2DeepScore full-supported hybrid,completed,cfmid_generated_spectra_ms2deepscore_similarity_full_supported_hybrid,200,200,CASMI_MOL_1196992,[M+H]+,959.519496084228,full_supported_query_candidate_set,510,510,0,0,21.0,False,False,False,0.0476190476190476,16.353244066238403
CASMI2022,CFM-ID + MS2DeepScore full-supported hybrid,completed,cfmid_generated_spectra_ms2deepscore_similarity_full_supported_hybrid,201,201,CASMI_MOL_1196993,[M+H]+,259.096368166086,full_supported_query_candidate_set,7033,7033,0,0,598.0,False,False,False,0.0016722408026755,216.00472807884216
CASMI2022,CFM-ID + MS2DeepScore full-supported hybrid,completed,cfmid_generated_spectra_ms2deepscore_similarity_full_supported_hybrid,205,205,CASMI_MOL_1196996,[M+H]+,297.12325418177,full_supported_query_candidate_set,9363,9363,0,0,42.0,False,False,False,0.0238095238095238,303.13516998291016
CASMI2022,CFM-ID + MS2DeepScore full-supported hybrid,completed,cfmid_generated_spectra_ms2deepscore_similarity_full_supported_hybrid,206,206,CASMI_MOL_1196927,[M+H]+,273.112060546875,full_supported_query_candidate_set,9113,9113,0,0,1055.0,False,False,False,0.0009478672985781,266.2598316669464
CASMI2022,CFM-ID + MS2DeepScore full-supported hybrid,completed,cfmid_generated_spectra_ms2deepscore_similarity_full_supported_hybrid,207,207,CASMI_MOL_1196997,[M+H]+,227.091207796557,full_supported_query_candidate_set,5971,5971,0,0,1031.0,False,False,False,0.0009699321047526,166.2508099079132
CASMI2022,CFM-ID + MS2DeepScore full-supported hybrid,completed,cfmid_generated_spectra_ms2deepscore_similarity_full_supported_hybrid,208,208,CASMI_MOL_1196916,[M+H]+,235.169023595214,full_supported_query_candidate_set,9633,9633,0,0,104.0,False,False,False,0.0096153846153846,264.0266366004944
CASMI2022,CFM-ID + MS2DeepScore full-supported hybrid,completed,cfmid_generated_spectra_ms2deepscore_similarity_full_supported_hybrid,209,209,CASMI_MOL_1196904,[M+H]+,275.127561614585,full_supported_query_candidate_set,9092,9092,0,0,534.0,False,False,False,0.0018726591760299,233.8780446052552
CASMI2022,CFM-ID + MS2DeepScore full-supported hybrid,completed,cfmid_generated_spectra_ms2deepscore_similarity_full_supported_hybrid,210,210,CASMI_MOL_1196998,[M+H]+,194.081074419737,full_supported_query_candidate_set,6490,6490,0,0,756.0,False,False,False,0.0013227513227513,164.37469863891602
CASMI2022,CFM-ID + MS2DeepScore full-supported hybrid,completed,cfmid_generated_spectra_ms2deepscore_similarity_full_supported_hybrid,211,211,CASMI_MOL_1196999,[M+H]+,265.190887245176,full_supported_query_candidate_set,9668,9668,0,0,271.0,False,False,False,0.003690036900369,222.51050901412964
CASMI2022,CFM-ID + MS2DeepScore full-supported hybrid,completed,cfmid_generated_spectra_ms2deepscore_similarity_full_supported_hybrid,212,212,CASMI_MOL_1197000,[M+H]+,222.148667506899,full_supported_query_candidate_set,9580,9580,0,0,4761.0,False,False,False,0.0002100399075824,388.6482350826264
CASMI2022,CFM-ID + MS2DeepScore full-supported hybrid,completed,cfmid_generated_spectra_ms2deepscore_similarity_full_supported_hybrid,213,213,CASMI_MOL_1197001,[M+H]+,403.211022742836,full_supported_query_candidate_set,9069,9069,0,0,140.0,False,False,False,0.0071428571428571,323.9586856365204
CASMI2022,CFM-ID + MS2DeepScore full-supported hybrid,completed,cfmid_generated_spectra_ms2deepscore_similarity_full_supported_hybrid,214,214,CASMI_MOL_1197002,[M+H]+,271.059841928281,full_supported_query_candidate_set,1846,1846,0,0,27.0,False,False,False,0.037037037037037,54.377439975738525
CASMI2022,CFM-ID + MS2DeepScore full-supported hybrid,completed,cfmid_generated_spectra_ms2deepscore_similarity_full_supported_hybrid,215,215,CASMI_MOL_1197003,[M+H]+,309.169381324284,full_supported_query_candidate_set,9453,9453,0,0,383.0,False,False,False,0.0026109660574412,305.41215348243713
CASMI2022,CFM-ID + MS2DeepScore full-supported hybrid,completed,cfmid_generated_spectra_ms2deepscore_similarity_full_supported_hybrid,216,216,CASMI_MOL_1197004,[M+H]+,275.091150535382,full_supported_query_candidate_set,5420,5420,0,0,584.0,False,False,False,0.0017123287671232,155.25095558166504
CASMI2022,CFM-ID + MS2DeepScore full-supported hybrid,completed,cfmid_generated_spectra_ms2deepscore_similarity_full_supported_hybrid,218,218,CASMI_MOL_1197006,[M+H]+,273.097993820206,full_supported_query_candidate_set,7363,7363,0,0,498.0,False,False,False,0.002008032128514,193.9071173667908
CASMI2022,CFM-ID + MS2DeepScore full-supported hybrid,completed,cfmid_generated_spectra_ms2deepscore_similarity_full_supported_hybrid,219,219,CASMI_MOL_1197007,[M+H]+,315.227363745888,full_supported_query_candidate_set,3155,3155,0,0,503.0,False,False,False,0.0019880715705765,78.0508770942688
CASMI2022,CFM-ID + MS2DeepScore full-supported hybrid,completed,cfmid_generated_spectra_ms2deepscore_similarity_full_supported_hybrid,220,220,CASMI_MOL_1196917,[M+H]+,235.1689207741,full_supported_query_candidate_set,9633,9633,0,0,1854.0,False,False,False,0.000539374325782,274.791344165802
CASMI2022,CFM-ID + MS2DeepScore full-supported hybrid,completed,cfmid_generated_spectra_ms2deepscore_similarity_full_supported_hybrid,221,221,CASMI_MOL_1197008,[M+H]+,415.211006003416,full_supported_query_candidate_set,9150,9150,0,0,76.0,False,False,False,0.0131578947368421,220.9296543598175
CASMI2022,CFM-ID + MS2DeepScore full-supported hybrid,completed,cfmid_generated_spectra_ms2deepscore_similarity_full_supported_hybrid,222,222,CASMI_MOL_1197009,[M+H]+,377.195318456245,full_supported_query_candidate_set,9240,9240,0,0,64.0,False,False,False,0.015625,233.8665266036988
CASMI2022,CFM-ID + MS2DeepScore full-supported hybrid,completed,cfmid_generated_spectra_ms2deepscore_similarity_full_supported_hybrid,223,223,CASMI_MOL_1197010,[M+H]+,357.205526462194,full_supported_query_candidate_set,9012,9012,0,0,1526.0,False,False,False,0.0006553079947575,172.3788616657257
CASMI2022,CFM-ID + MS2DeepScore full-supported hybrid,completed,cfmid_generated_spectra_ms2deepscore_similarity_full_supported_hybrid,224,224,CASMI_MOL_1197011,[M+H]+,256.059356689453,full_supported_query_candidate_set,2730,2730,0,0,279.0,False,False,False,0.003584229390681,53.22845554351807
CASMI2022,CFM-ID + MS2DeepScore full-supported hybrid,completed,cfmid_generated_spectra_ms2deepscore_similarity_full_supported_hybrid,225,225,CASMI_MOL_1197012,[M+H]+,331.080666792507,full_supported_query_candidate_set,6158,6158,0,0,1171.0,False,False,False,0.0008539709649871,137.0240604877472
CASMI2022,CFM-ID + MS2DeepScore full-supported hybrid,completed,cfmid_generated_spectra_ms2deepscore_similarity_full_supported_hybrid,226,226,CASMI_MOL_1197013,[M+H]+,268.154041428283,full_supported_query_candidate_set,9691,9691,0,0,2501.0,False,False,False,0.0003998400639744,227.15564012527463
CASMI2022,CFM-ID + MS2DeepScore full-supported hybrid,completed,cfmid_generated_spectra_ms2deepscore_similarity_full_supported_hybrid,227,227,CASMI_MOL_1197014,[M+H]+,411.3252119159,full_supported_query_candidate_set,1329,1329,0,0,756.0,False,False,False,0.0013227513227513,31.70651149749756
CASMI2022,CFM-ID + MS2DeepScore full-supported hybrid,completed,cfmid_generated_spectra_ms2deepscore_similarity_full_supported_hybrid,228,228,CASMI_MOL_1196957,[M+H]+,243.101499946407,full_supported_query_candidate_set,6956,6956,0,0,543.0,False,False,False,0.001841620626151,154.4483561515808
