supported_index,query_id,query_id_s,fragannotator_true_rank,fragannotator_top1_correct,fragannotator_top10_correct,fragannotator_reciprocal_rank,sirius_formula_only_true_rank,sirius_formula_only_top1_correct,sirius_formula_only_top10_correct,sirius_formula_only_reciprocal_rank,cfmid_native_true_rank,cfmid_native_top1_correct,cfmid_native_top10_correct,cfmid_native_reciprocal_rank,cfmid_ms2deepscore_hybrid_true_rank,cfmid_ms2deepscore_hybrid_top1_correct,cfmid_ms2deepscore_hybrid_top10_correct,cfmid_ms2deepscore_hybrid_reciprocal_rank,iceberg_true_rank,iceberg_top1_correct,iceberg_top10_correct,iceberg_reciprocal_rank,massformer_true_rank,massformer_top1_correct,massformer_top10_correct,massformer_reciprocal_rank
0,0,0,54.0,False,False,0.0185185185185185,222.0,False,False,0.0045045045045045,1.0,True,True,1.0,16.0,False,False,0.0625,12.0,False,False,0.0833333333333333,139.0,False,False,0.0071942446043165
1,3,3,824.0,False,False,0.0012135922330097,824.0,False,False,0.0012135922330097,2.0,False,True,0.5,3.0,False,True,0.3333333333333333,4.0,False,True,0.25,949.0,False,False,0.0010537407797681
2,4,4,74.0,False,False,0.0135135135135135,74.0,False,False,0.0135135135135135,13.0,False,False,0.0769230769230769,45.0,False,False,0.0222222222222222,621.0,False,False,0.001610305958132,2495.0,False,False,0.0004008016032064
3,5,5,345.0,False,False,0.0028985507246376,1.0,True,True,1.0,5.0,False,True,0.2,67.0,False,False,0.0149253731343283,26.0,False,False,0.0384615384615384,609.0,False,False,0.0016420361247947
4,6,6,1.0,True,True,1.0,1.0,True,True,1.0,782.0,False,False,0.0012787723785166,602.0,False,False,0.0016611295681063,538.0,False,False,0.0018587360594795,141.0,False,False,0.0070921985815602
5,7,7,1.0,True,True,1.0,1.0,True,True,1.0,110.0,False,False,0.009090909090909,1972.0,False,False,0.0005070993914807,28.0,False,False,0.0357142857142857,370.0,False,False,0.0027027027027027
6,9,9,1.0,True,True,1.0,1.0,True,True,1.0,98.0,False,False,0.010204081632653,554.0,False,False,0.0018050541516245,131.0,False,False,0.0076335877862595,3582.0,False,False,0.0002791736460078
7,10,10,104.0,False,False,0.0096153846153846,8.0,False,True,0.125,2016.0,False,False,0.0004960317460317,2303.0,False,False,0.0004342162396873,147.0,False,False,0.0068027210884353,1439.0,False,False,0.0006949270326615
8,11,11,1651.0,False,False,0.0006056935190793,1651.0,False,False,0.0006056935190793,7.0,False,True,0.1428571428571428,4.0,False,True,0.25,24.0,False,False,0.0416666666666666,1771.0,False,False,0.0005646527385657
9,12,12,1.0,True,True,1.0,1.0,True,True,1.0,267.0,False,False,0.0037453183520599,6277.0,False,False,0.00015931177314,42.0,False,False,0.0238095238095238,9091.0,False,False,0.0001099989000109
10,15,15,885.0,False,False,0.0011299435028248,885.0,False,False,0.0011299435028248,90.0,False,False,0.0111111111111111,141.0,False,False,0.0070921985815602,5.0,False,True,0.2,3737.0,False,False,0.0002675943270002
11,16,16,1.0,True,True,1.0,1.0,True,True,1.0,5.0,False,True,0.2,5.0,False,True,0.2,69.0,False,False,0.0144927536231884,23.0,False,False,0.0434782608695652
12,17,17,1.0,True,True,1.0,1.0,True,True,1.0,312.0,False,False,0.0032051282051282,4330.0,False,False,0.000230946882217,2455.0,False,False,0.00040733197556,1855.0,False,False,0.0005390835579514
13,18,18,1.0,True,True,1.0,1.0,True,True,1.0,1612.0,False,False,0.0006203473945409,723.0,False,False,0.0013831258644536,1534.0,False,False,0.0006518904823989,1284.0,False,False,0.0007788161993769
14,21,21,153.0,False,False,0.0065359477124183,153.0,False,False,0.0065359477124183,169.0,False,False,0.0059171597633136,70.0,False,False,0.0142857142857142,4.0,False,True,0.25,55.0,False,False,0.0181818181818181
15,22,22,5055.0,False,False,0.0001978239366963,5055.0,False,False,0.0001978239366963,2372.0,False,False,0.0004215851602023,163.0,False,False,0.0061349693251533,186.0,False,False,0.0053763440860215,5111.0,False,False,0.0001956564273136
16,23,23,5236.0,False,False,0.0001909854851031,5236.0,False,False,0.0001909854851031,138.0,False,False,0.0072463768115942,78.0,False,False,0.0128205128205128,322.0,False,False,0.0031055900621118,1110.0,False,False,0.0009009009009009
17,24,24,318.0,False,False,0.0031446540880503,318.0,False,False,0.0031446540880503,117.0,False,False,0.0085470085470085,523.0,False,False,0.0019120458891013,148.0,False,False,0.0067567567567567,1001.0,False,False,0.0009990009990009
18,25,25,1.0,True,True,1.0,1.0,True,True,1.0,4.0,False,True,0.25,45.0,False,False,0.0222222222222222,4.0,False,True,0.25,98.0,False,False,0.010204081632653
19,26,26,1.0,True,True,1.0,1.0,True,True,1.0,37.0,False,False,0.027027027027027,564.0,False,False,0.00177304964539,143.0,False,False,0.0069930069930069,4114.0,False,False,0.0002430724355858
20,27,27,1.0,True,True,1.0,1.0,True,True,1.0,5.0,False,True,0.2,69.0,False,False,0.0144927536231884,4.0,False,True,0.25,1611.0,False,False,0.0006207324643078
21,29,29,1.0,True,True,1.0,1.0,True,True,1.0,25.0,False,False,0.04,21.0,False,False,0.0476190476190476,367.0,False,False,0.0027247956403269,955.0,False,False,0.0010471204188481
22,31,31,1.0,True,True,1.0,1.0,True,True,1.0,2616.0,False,False,0.0003822629969418,200.0,False,False,0.005,13.0,False,False,0.0769230769230769,6917.0,False,False,0.0001445713459592
23,34,34,1.0,True,True,1.0,1.0,True,True,1.0,94.0,False,False,0.0106382978723404,7.0,False,True,0.1428571428571428,123.0,False,False,0.008130081300813,76.0,False,False,0.0131578947368421
24,35,35,28.0,False,False,0.0357142857142857,1.0,True,True,1.0,31.0,False,False,0.032258064516129,71.0,False,False,0.0140845070422535,66.0,False,False,0.0151515151515151,38.0,False,False,0.0263157894736842
25,37,37,1.0,True,True,1.0,1.0,True,True,1.0,1266.0,False,False,0.0007898894154818,1450.0,False,False,0.0006896551724137,3029.0,False,False,0.0003301419610432,1946.0,False,False,0.000513874614594
26,38,38,1.0,True,True,1.0,1.0,True,True,1.0,288.0,False,False,0.0034722222222222,77.0,False,False,0.0129870129870129,339.0,False,False,0.0029498525073746,3473.0,False,False,0.0002879355024474
27,39,39,1.0,True,True,1.0,1.0,True,True,1.0,370.0,False,False,0.0027027027027027,327.0,False,False,0.0030581039755351,131.0,False,False,0.0076335877862595,525.0,False,False,0.0019047619047619
28,40,40,2242.0,False,False,0.0004460303300624,1878.0,False,False,0.0005324813631522,23.0,False,False,0.0434782608695652,72.0,False,False,0.0138888888888888,210.0,False,False,0.0047619047619047,988.0,False,False,0.0010121457489878
29,41,41,1114.0,False,False,0.0008976660682226,996.0,False,False,0.001004016064257,1.0,True,True,1.0,2.0,False,True,0.5,3.0,False,True,0.3333333333333333,987.0,False,False,0.0010131712259371
30,42,42,1.0,True,True,1.0,1.0,True,True,1.0,382.0,False,False,0.0026178010471204,954.0,False,False,0.0010482180293501,176.0,False,False,0.0056818181818181,715.0,False,False,0.0013986013986013
31,43,43,1.0,True,True,1.0,1.0,True,True,1.0,947.0,False,False,0.0010559662090813,1183.0,False,False,0.0008453085376162,267.0,False,False,0.0037453183520599,2190.0,False,False,0.0004566210045662
32,46,46,1.0,True,True,1.0,1.0,True,True,1.0,191.0,False,False,0.0052356020942408,674.0,False,False,0.0014836795252225,166.0,False,False,0.0060240963855421,575.0,False,False,0.0017391304347826
33,48,48,1.0,True,True,1.0,1.0,True,True,1.0,778.0,False,False,0.0012853470437017,822.0,False,False,0.0012165450121654,68.0,False,False,0.0147058823529411,123.0,False,False,0.008130081300813
34,50,50,981.0,False,False,0.001019367991845,981.0,False,False,0.001019367991845,934.0,False,False,0.0010706638115631,322.0,False,False,0.0031055900621118,1345.0,False,False,0.0007434944237918,1378.0,False,False,0.0007256894049346
35,51,51,49.0,False,False,0.0204081632653061,1.0,True,True,1.0,54.0,False,False,0.0185185185185185,388.0,False,False,0.0025773195876288,141.0,False,False,0.0070921985815602,97.0,False,False,0.0103092783505154
36,53,53,1.0,True,True,1.0,1.0,True,True,1.0,848.0,False,False,0.0011792452830188,337.0,False,False,0.0029673590504451,1096.0,False,False,0.000912408759124,1000.0,False,False,0.001
37,54,54,1.0,True,True,1.0,1.0,True,True,1.0,103.0,False,False,0.0097087378640776,1102.0,False,False,0.0009074410163339,135.0,False,False,0.0074074074074074,1111.0,False,False,0.0009000900090009
38,55,55,1.0,True,True,1.0,1.0,True,True,1.0,527.0,False,False,0.0018975332068311,932.0,False,False,0.0010729613733905,60.0,False,False,0.0166666666666666,294.0,False,False,0.0034013605442176
39,56,56,1.0,True,True,1.0,1.0,True,True,1.0,1030.0,False,False,0.0009708737864077,989.0,False,False,0.0010111223458038,64.0,False,False,0.015625,935.0,False,False,0.0010695187165775
40,58,58,1.0,True,True,1.0,1.0,True,True,1.0,506.0,False,False,0.0019762845849802,900.0,False,False,0.0011111111111111,266.0,False,False,0.0037593984962406,235.0,False,False,0.0042553191489361
41,59,59,1.0,True,True,1.0,1.0,True,True,1.0,4156.0,False,False,0.0002406159769008,6801.0,False,False,0.0001470372004117,862.0,False,False,0.0011600928074245,131.0,False,False,0.0076335877862595
42,60,60,1.0,True,True,1.0,1.0,True,True,1.0,1523.0,False,False,0.0006565988181221,701.0,False,False,0.0014265335235378,35.0,False,False,0.0285714285714285,569.0,False,False,0.0017574692442882
43,61,61,1.0,True,True,1.0,1.0,True,True,1.0,24.0,False,False,0.0416666666666666,972.0,False,False,0.0010288065843621,18.0,False,False,0.0555555555555555,2699.0,False,False,0.0003705075954057
44,64,64,1.0,True,True,1.0,1.0,True,True,1.0,1.0,True,True,1.0,207.0,False,False,0.0048309178743961,2.0,False,True,0.5,141.0,False,False,0.0070921985815602
45,65,65,1.0,True,True,1.0,1.0,True,True,1.0,3658.0,False,False,0.0002733734281027,4858.0,False,False,0.0002058460271716,1717.0,False,False,0.0005824111822947,1994.0,False,False,0.0005015045135406
46,68,68,1.0,True,True,1.0,1.0,True,True,1.0,2.0,False,True,0.5,686.0,False,False,0.0014577259475218,173.0,False,False,0.0057803468208092,582.0,False,False,0.0017182130584192
47,69,69,1.0,True,True,1.0,1.0,True,True,1.0,105.0,False,False,0.0095238095238095,20.0,False,False,0.05,2076.0,False,False,0.0004816955684007,340.0,False,False,0.0029411764705882
48,70,70,1.0,True,True,1.0,1.0,True,True,1.0,67.0,False,False,0.0149253731343283,1055.0,False,False,0.0009478672985781,108.0,False,False,0.0092592592592592,67.0,False,False,0.0149253731343283
49,71,71,1.0,True,True,1.0,1.0,True,True,1.0,13.0,False,False,0.0769230769230769,81.0,False,False,0.0123456790123456,4150.0,False,False,0.0002409638554216,6262.0,False,False,0.0001596933886937
50,74,74,1.0,True,True,1.0,1.0,True,True,1.0,3584.0,False,False,0.0002790178571428,848.0,False,False,0.0011792452830188,3866.0,False,False,0.0002586652871184,525.0,False,False,0.0019047619047619
51,75,75,1.0,True,True,1.0,1.0,True,True,1.0,14.0,False,False,0.0714285714285714,22.0,False,False,0.0454545454545454,20.0,False,False,0.05,160.0,False,False,0.00625
52,76,76,5236.0,False,False,0.0001909854851031,5236.0,False,False,0.0001909854851031,1138.0,False,False,0.0008787346221441,1625.0,False,False,0.0006153846153846,321.0,False,False,0.0031152647975077,2896.0,False,False,0.0003453038674033
53,77,77,1.0,True,True,1.0,1.0,True,True,1.0,10.0,False,True,0.1,265.0,False,False,0.0037735849056603,5.0,False,True,0.2,729.0,False,False,0.0013717421124828
54,78,78,1.0,True,True,1.0,1.0,True,True,1.0,67.0,False,False,0.0149253731343283,3.0,False,True,0.3333333333333333,3.0,False,True,0.3333333333333333,339.0,False,False,0.0029498525073746
55,79,79,1.0,True,True,1.0,1.0,True,True,1.0,890.0,False,False,0.0011235955056179,2698.0,False,False,0.0003706449221645,451.0,False,False,0.0022172949002217,3658.0,False,False,0.0002733734281027
56,80,80,1.0,True,True,1.0,1.0,True,True,1.0,69.0,False,False,0.0144927536231884,307.0,False,False,0.003257328990228,226.0,False,False,0.0044247787610619,629.0,False,False,0.0015898251192368
57,82,82,1.0,True,True,1.0,1.0,True,True,1.0,238.0,False,False,0.0042016806722689,2609.0,False,False,0.000383288616328,269.0,False,False,0.0037174721189591,1559.0,False,False,0.0006414368184733
58,83,83,1.0,True,True,1.0,1.0,True,True,1.0,518.0,False,False,0.0019305019305019,678.0,False,False,0.0014749262536873,776.0,False,False,0.0012886597938144,235.0,False,False,0.0042553191489361
59,84,84,1.0,True,True,1.0,1.0,True,True,1.0,3039.0,False,False,0.0003290556103981,1941.0,False,False,0.0005151983513652,2908.0,False,False,0.0003438789546079,2481.0,False,False,0.0004030632809351
60,87,87,1.0,True,True,1.0,1.0,True,True,1.0,89.0,False,False,0.0112359550561797,468.0,False,False,0.0021367521367521,204.0,False,False,0.0049019607843137,55.0,False,False,0.0181818181818181
61,88,88,708.0,False,False,0.001412429378531,28.0,False,False,0.0357142857142857,5593.0,False,False,0.0001787949222242,1503.0,False,False,0.0006653359946773,192.0,False,False,0.0052083333333333,763.0,False,False,0.001310615989515
62,89,89,1.0,True,True,1.0,1.0,True,True,1.0,2213.0,False,False,0.000451875282422,2156.0,False,False,0.0004638218923933,38.0,False,False,0.0263157894736842,2826.0,False,False,0.0003538570417551
63,90,90,1.0,True,True,1.0,1.0,True,True,1.0,778.0,False,False,0.0012853470437017,1142.0,False,False,0.0008756567425569,1092.0,False,False,0.0009157509157509,1140.0,False,False,0.0008771929824561
64,93,93,1.0,True,True,1.0,1.0,True,True,1.0,3.0,False,True,0.3333333333333333,6.0,False,True,0.1666666666666666,3.0,False,True,0.3333333333333333,5722.0,False,False,0.0001747640685075
65,94,94,1.0,True,True,1.0,13.0,False,False,0.0769230769230769,61.0,False,False,0.0163934426229508,43.0,False,False,0.0232558139534883,4.0,False,True,0.25,2.0,False,True,0.5
66,95,95,1.0,True,True,1.0,1.0,True,True,1.0,28.0,False,False,0.0357142857142857,34.0,False,False,0.0294117647058823,12.0,False,False,0.0833333333333333,79.0,False,False,0.0126582278481012
67,96,96,1.0,True,True,1.0,1.0,True,True,1.0,2689.0,False,False,0.0003718854592785,846.0,False,False,0.0011820330969267,70.0,False,False,0.0142857142857142,245.0,False,False,0.0040816326530612
68,98,98,5655.0,False,False,0.0001768346595932,5655.0,False,False,0.0001768346595932,911.0,False,False,0.0010976948408342,2166.0,False,False,0.0004616805170821,737.0,False,False,0.0013568521031207,158.0,False,False,0.0063291139240506
69,99,99,1.0,True,True,1.0,1.0,True,True,1.0,144.0,False,False,0.0069444444444444,910.0,False,False,0.001098901098901,21.0,False,False,0.0476190476190476,1826.0,False,False,0.0005476451259583
70,100,100,1.0,True,True,1.0,1.0,True,True,1.0,14.0,False,False,0.0714285714285714,209.0,False,False,0.0047846889952153,23.0,False,False,0.0434782608695652,99.0,False,False,0.0101010101010101
71,101,101,1.0,True,True,1.0,1.0,True,True,1.0,1908.0,False,False,0.000524109014675,1200.0,False,False,0.0008333333333333,962.0,False,False,0.001039501039501,3925.0,False,False,0.0002547770700636
72,102,102,1.0,True,True,1.0,1.0,True,True,1.0,260.0,False,False,0.0038461538461538,809.0,False,False,0.0012360939431396,727.0,False,False,0.0013755158184319,1057.0,False,False,0.0009460737937559
73,104,104,1.0,True,True,1.0,1.0,True,True,1.0,571.0,False,False,0.0017513134851138,830.0,False,False,0.0012048192771084,79.0,False,False,0.0126582278481012,897.0,False,False,0.0011148272017837
74,105,105,1.0,True,True,1.0,1.0,True,True,1.0,4.0,False,True,0.25,56.0,False,False,0.0178571428571428,95.0,False,False,0.0105263157894736,894.0,False,False,0.0011185682326621
75,106,106,1.0,True,True,1.0,1.0,True,True,1.0,1.0,True,True,1.0,239.0,False,False,0.00418410041841,55.0,False,False,0.0181818181818181,702.0,False,False,0.0014245014245014
76,107,107,1.0,True,True,1.0,1.0,True,True,1.0,370.0,False,False,0.0027027027027027,169.0,False,False,0.0059171597633136,781.0,False,False,0.0012804097311139,2866.0,False,False,0.0003489183531053
77,108,108,1.0,True,True,1.0,1.0,True,True,1.0,92.0,False,False,0.0108695652173913,18.0,False,False,0.0555555555555555,96.0,False,False,0.0104166666666666,6319.0,False,False,0.0001582528881152
78,109,109,1.0,True,True,1.0,1.0,True,True,1.0,202.0,False,False,0.0049504950495049,82.0,False,False,0.0121951219512195,334.0,False,False,0.0029940119760479,196.0,False,False,0.0051020408163265
79,111,111,1.0,True,True,1.0,1.0,True,True,1.0,18.0,False,False,0.0555555555555555,2121.0,False,False,0.0004714757190004,8.0,False,True,0.125,1767.0,False,False,0.0005659309564233
80,112,112,1.0,True,True,1.0,1.0,True,True,1.0,759.0,False,False,0.0013175230566534,1016.0,False,False,0.0009842519685039,6.0,False,True,0.1666666666666666,5320.0,False,False,0.000187969924812
81,113,113,1.0,True,True,1.0,1.0,True,True,1.0,80.0,False,False,0.0125,13.0,False,False,0.0769230769230769,2.0,False,True,0.5,250.0,False,False,0.004
82,114,114,28.0,False,False,0.0357142857142857,1.0,True,True,1.0,216.0,False,False,0.0046296296296296,72.0,False,False,0.0138888888888888,46.0,False,False,0.0217391304347826,561.0,False,False,0.0017825311942959
83,115,115,1.0,True,True,1.0,1.0,True,True,1.0,1699.0,False,False,0.0005885815185403,439.0,False,False,0.0022779043280182,477.0,False,False,0.0020964360587002,1152.0,False,False,0.0008680555555555
84,116,116,1.0,True,True,1.0,1.0,True,True,1.0,213.0,False,False,0.0046948356807511,3012.0,False,False,0.0003320053120849,36.0,False,False,0.0277777777777777,558.0,False,False,0.0017921146953405
85,119,119,4693.0,False,False,0.0002130833155763,4887.0,False,False,0.0002046245140167,833.0,False,False,0.0012004801920768,7333.0,False,False,0.0001363698349924,317.0,False,False,0.0031545741324921,6236.0,False,False,0.0001603592046183
86,120,120,1.0,True,True,1.0,1.0,True,True,1.0,2189.0,False,False,0.0004568296025582,1719.0,False,False,0.0005817335660267,936.0,False,False,0.001068376068376,2366.0,False,False,0.0004226542688081
87,121,121,1.0,True,True,1.0,1.0,True,True,1.0,578.0,False,False,0.0017301038062283,503.0,False,False,0.0019880715705765,683.0,False,False,0.0014641288433382,279.0,False,False,0.003584229390681
88,122,122,1.0,True,True,1.0,1.0,True,True,1.0,3.0,False,True,0.3333333333333333,728.0,False,False,0.0013736263736263,99.0,False,False,0.0101010101010101,661.0,False,False,0.0015128593040847
89,123,123,1.0,True,True,1.0,1.0,True,True,1.0,4.0,False,True,0.25,101.0,False,False,0.0099009900990099,49.0,False,False,0.0204081632653061,48.0,False,False,0.0208333333333333
90,126,126,1.0,True,True,1.0,1.0,True,True,1.0,4.0,False,True,0.25,455.0,False,False,0.0021978021978021,129.0,False,False,0.0077519379844961,735.0,False,False,0.001360544217687
91,127,127,1.0,True,True,1.0,1.0,True,True,1.0,478.0,False,False,0.002092050209205,457.0,False,False,0.0021881838074398,253.0,False,False,0.0039525691699604,131.0,False,False,0.0076335877862595
92,128,128,1.0,True,True,1.0,1.0,True,True,1.0,10.0,False,True,0.1,12.0,False,False,0.0833333333333333,23.0,False,False,0.0434782608695652,1093.0,False,False,0.000914913083257
93,129,129,1.0,True,True,1.0,1.0,True,True,1.0,165.0,False,False,0.006060606060606,129.0,False,False,0.0077519379844961,402.0,False,False,0.0024875621890547,1045.0,False,False,0.000956937799043
94,130,130,1.0,True,True,1.0,1.0,True,True,1.0,816.0,False,False,0.0012254901960784,374.0,False,False,0.0026737967914438,491.0,False,False,0.0020366598778004,8113.0,False,False,0.0001232589670898
95,131,131,1.0,True,True,1.0,1.0,True,True,1.0,169.0,False,False,0.0059171597633136,1785.0,False,False,0.0005602240896358,5.0,False,True,0.2,1052.0,False,False,0.0009505703422053
96,132,132,1.0,True,True,1.0,1.0,True,True,1.0,37.0,False,False,0.027027027027027,1287.0,False,False,0.0007770007770007,129.0,False,False,0.0077519379844961,103.0,False,False,0.0097087378640776
97,135,135,486.0,False,False,0.0020576131687242,489.0,False,False,0.0020449897750511,1590.0,False,False,0.00062893081761,361.0,False,False,0.002770083102493,47.0,False,False,0.0212765957446808,2543.0,False,False,0.0003932363350373
98,136,136,1.0,True,True,1.0,1.0,True,True,1.0,308.0,False,False,0.0032467532467532,160.0,False,False,0.00625,814.0,False,False,0.0012285012285012,268.0,False,False,0.003731343283582
99,137,137,1.0,True,True,1.0,1.0,True,True,1.0,1236.0,False,False,0.0008090614886731,673.0,False,False,0.0014858841010401,1145.0,False,False,0.0008733624454148,106.0,False,False,0.0094339622641509
100,138,138,1.0,True,True,1.0,1.0,True,True,1.0,1776.0,False,False,0.000563063063063,152.0,False,False,0.006578947368421,992.0,False,False,0.001008064516129,5945.0,False,False,0.0001682085786375
101,139,139,13.0,False,False,0.0769230769230769,1.0,True,True,1.0,146.0,False,False,0.0068493150684931,269.0,False,False,0.0037174721189591,29.0,False,False,0.0344827586206896,631.0,False,False,0.0015847860538827
102,140,140,1.0,True,True,1.0,1.0,True,True,1.0,1.0,True,True,1.0,92.0,False,False,0.0108695652173913,5.0,False,True,0.2,202.0,False,False,0.0049504950495049
103,142,142,1.0,True,True,1.0,1.0,True,True,1.0,1012.0,False,False,0.0009881422924901,2218.0,False,False,0.0004508566275924,72.0,False,False,0.0138888888888888,677.0,False,False,0.001477104874446
104,143,143,265.0,False,False,0.0037735849056603,253.0,False,False,0.0039525691699604,2.0,False,True,0.5,36.0,False,False,0.0277777777777777,5.0,False,True,0.2,1114.0,False,False,0.0008976660682226
105,144,144,1.0,True,True,1.0,1.0,True,True,1.0,389.0,False,False,0.0025706940874035,615.0,False,False,0.0016260162601626,53.0,False,False,0.0188679245283018,365.0,False,False,0.0027397260273972
106,145,145,7.0,False,True,0.1428571428571428,1.0,True,True,1.0,74.0,False,False,0.0135135135135135,30.0,False,False,0.0333333333333333,84.0,False,False,0.0119047619047619,135.0,False,False,0.0074074074074074
107,146,146,200.0,False,False,0.005,1.0,True,True,1.0,863.0,False,False,0.0011587485515643,240.0,False,False,0.0041666666666666,958.0,False,False,0.0010438413361169,1.0,True,True,1.0
108,147,147,1.0,True,True,1.0,1.0,True,True,1.0,10.0,False,True,0.1,146.0,False,False,0.0068493150684931,251.0,False,False,0.0039840637450199,269.0,False,False,0.0037174721189591
109,149,149,1.0,True,True,1.0,1.0,True,True,1.0,198.0,False,False,0.005050505050505,248.0,False,False,0.0040322580645161,34.0,False,False,0.0294117647058823,1397.0,False,False,0.0007158196134574
110,150,150,1.0,True,True,1.0,1.0,True,True,1.0,7035.0,False,False,0.0001421464108031,7466.0,False,False,0.0001339405304045,6427.0,False,False,0.0001555935895441,6312.0,False,False,0.0001584283903675
111,151,151,1.0,True,True,1.0,1.0,True,True,1.0,1157.0,False,False,0.0008643042350907,1487.0,False,False,0.0006724949562878,830.0,False,False,0.0012048192771084,474.0,False,False,0.0021097046413502
112,155,155,2545.0,False,False,0.0003929273084479,2545.0,False,False,0.0003929273084479,55.0,False,False,0.0181818181818181,13.0,False,False,0.0769230769230769,120.0,False,False,0.0083333333333333,1214.0,False,False,0.000823723228995
113,156,156,1.0,True,True,1.0,1.0,True,True,1.0,170.0,False,False,0.0058823529411764,214.0,False,False,0.0046728971962616,417.0,False,False,0.0023980815347721,113.0,False,False,0.0088495575221238
114,157,157,1.0,True,True,1.0,1.0,True,True,1.0,161.0,False,False,0.0062111801242236,2744.0,False,False,0.0003644314868804,15.0,False,False,0.0666666666666666,110.0,False,False,0.009090909090909
115,158,158,5.0,False,True,0.2,5.0,False,True,0.2,34.0,False,False,0.0294117647058823,1823.0,False,False,0.0005485463521667,27.0,False,False,0.037037037037037,22.0,False,False,0.0454545454545454
116,159,159,1.0,True,True,1.0,1.0,True,True,1.0,477.0,False,False,0.0020964360587002,4691.0,False,False,0.0002131741632914,4.0,False,True,0.25,118.0,False,False,0.0084745762711864
117,163,163,30.0,False,False,0.0333333333333333,1.0,True,True,1.0,144.0,False,False,0.0069444444444444,336.0,False,False,0.0029761904761904,25.0,False,False,0.04,228.0,False,False,0.0043859649122807
118,164,164,1.0,True,True,1.0,1.0,True,True,1.0,1.0,True,True,1.0,97.0,False,False,0.0103092783505154,2.0,False,True,0.5,464.0,False,False,0.0021551724137931
119,165,165,51.0,False,False,0.0196078431372549,1.0,True,True,1.0,141.0,False,False,0.0070921985815602,339.0,False,False,0.0029498525073746,63.0,False,False,0.0158730158730158,631.0,False,False,0.0015847860538827
120,166,166,1.0,True,True,1.0,1.0,True,True,1.0,505.0,False,False,0.0019801980198019,1136.0,False,False,0.0008802816901408,86.0,False,False,0.0116279069767441,2116.0,False,False,0.0004725897920604
121,169,169,122.0,False,False,0.0081967213114754,1.0,True,True,1.0,13.0,False,False,0.0769230769230769,344.0,False,False,0.002906976744186,33.0,False,False,0.0303030303030303,3299.0,False,False,0.0003031221582297
122,170,170,1.0,True,True,1.0,1.0,True,True,1.0,2943.0,False,False,0.000339789330615,221.0,False,False,0.004524886877828,1988.0,False,False,0.0005030181086519,578.0,False,False,0.0017301038062283
123,171,171,295.0,False,False,0.0033898305084745,1.0,True,True,1.0,16.0,False,False,0.0625,80.0,False,False,0.0125,15.0,False,False,0.0666666666666666,1130.0,False,False,0.0008849557522123
124,172,172,1.0,True,True,1.0,1.0,True,True,1.0,841.0,False,False,0.0011890606420927,748.0,False,False,0.0013368983957219,372.0,False,False,0.0026881720430107,611.0,False,False,0.0016366612111292
125,173,173,1.0,True,True,1.0,1.0,True,True,1.0,6.0,False,True,0.1666666666666666,497.0,False,False,0.0020120724346076,2.0,False,True,0.5,31.0,False,False,0.032258064516129
126,176,176,1.0,True,True,1.0,1.0,True,True,1.0,99.0,False,False,0.0101010101010101,221.0,False,False,0.004524886877828,207.0,False,False,0.0048309178743961,2197.0,False,False,0.0004551661356395
127,177,177,20.0,False,False,0.05,1.0,True,True,1.0,13.0,False,False,0.0769230769230769,20.0,False,False,0.05,14.0,False,False,0.0714285714285714,151.0,False,False,0.0066225165562913
128,178,178,853.0,False,False,0.0011723329425556,108.0,False,False,0.0092592592592592,48.0,False,False,0.0208333333333333,259.0,False,False,0.0038610038610038,154.0,False,False,0.0064935064935064,769.0,False,False,0.0013003901170351
129,179,179,1.0,True,True,1.0,1.0,True,True,1.0,462.0,False,False,0.0021645021645021,1688.0,False,False,0.0005924170616113,17.0,False,False,0.0588235294117647,6746.0,False,False,0.0001482359916987
130,180,180,1.0,True,True,1.0,1.0,True,True,1.0,1474.0,False,False,0.0006784260515603,299.0,False,False,0.0033444816053511,33.0,False,False,0.0303030303030303,175.0,False,False,0.0057142857142857
131,181,181,1.0,True,True,1.0,1.0,True,True,1.0,375.0,False,False,0.0026666666666666,4407.0,False,False,0.0002269117313365,114.0,False,False,0.0087719298245614,1396.0,False,False,0.0007163323782234
132,185,185,1.0,True,True,1.0,1.0,True,True,1.0,3459.0,False,False,0.0002891008962127,2755.0,False,False,0.0003629764065335,3801.0,False,False,0.0002630886608787,793.0,False,False,0.0012610340479192
133,186,186,1.0,True,True,1.0,1.0,True,True,1.0,10.0,False,True,0.1,46.0,False,False,0.0217391304347826,8.0,False,True,0.125,3266.0,False,False,0.0003061849357011
134,187,187,1.0,True,True,1.0,1.0,True,True,1.0,556.0,False,False,0.0017985611510791,924.0,False,False,0.001082251082251,1.0,True,True,1.0,3627.0,False,False,0.0002757099531293
135,188,188,185.0,False,False,0.0054054054054054,185.0,False,False,0.0054054054054054,45.0,False,False,0.0222222222222222,349.0,False,False,0.0028653295128939,5787.0,False,False,0.000172801105927,5351.0,False,False,0.0001868809568304
136,189,189,826.0,False,False,0.0012106537530266,826.0,False,False,0.0012106537530266,1.0,True,True,1.0,28.0,False,False,0.0357142857142857,73.0,False,False,0.0136986301369863,3761.0,False,False,0.000265886732252
137,190,190,1.0,True,True,1.0,1.0,True,True,1.0,2042.0,False,False,0.0004897159647404,3490.0,False,False,0.0002865329512893,120.0,False,False,0.0083333333333333,3006.0,False,False,0.0003326679973386
138,191,191,1.0,True,True,1.0,1.0,True,True,1.0,646.0,False,False,0.001547987616099,790.0,False,False,0.0012658227848101,937.0,False,False,0.0010672358591248,1206.0,False,False,0.0008291873963515
139,192,192,153.0,False,False,0.0065359477124183,153.0,False,False,0.0065359477124183,17.0,False,False,0.0588235294117647,112.0,False,False,0.0089285714285714,123.0,False,False,0.008130081300813,81.0,False,False,0.0123456790123456
140,193,193,889.0,False,False,0.0011248593925759,889.0,False,False,0.0011248593925759,45.0,False,False,0.0222222222222222,488.0,False,False,0.0020491803278688,2.0,False,True,0.5,43.0,False,False,0.0232558139534883
141,194,194,2318.0,False,False,0.0004314063848144,2318.0,False,False,0.0004314063848144,13.0,False,False,0.0769230769230769,85.0,False,False,0.0117647058823529,4.0,False,True,0.25,16.0,False,False,0.0625
142,195,195,252.0,False,False,0.0039682539682539,1274.0,False,False,0.0007849293563579,1.0,True,True,1.0,218.0,False,False,0.0045871559633027,13.0,False,False,0.0769230769230769,1220.0,False,False,0.0008196721311475
143,196,196,875.0,False,False,0.0011428571428571,875.0,False,False,0.0011428571428571,218.0,False,False,0.0045871559633027,4184.0,False,False,0.0002390057361376,4.0,False,True,0.25,2746.0,False,False,0.0003641660597232
144,199,199,948.0,False,False,0.0010548523206751,948.0,False,False,0.0010548523206751,3.0,False,True,0.3333333333333333,3798.0,False,False,0.0002632964718272,18.0,False,False,0.0555555555555555,2191.0,False,False,0.0004564125969876
145,200,200,392.0,False,False,0.0025510204081632,510.0,False,False,0.0019607843137254,266.0,False,False,0.0037593984962406,21.0,False,False,0.0476190476190476,34.0,False,False,0.0294117647058823,167.0,False,False,0.0059880239520958
146,201,201,3517.0,False,False,0.0002843332385555,3517.0,False,False,0.0002843332385555,33.0,False,False,0.0303030303030303,598.0,False,False,0.0016722408026755,354.0,False,False,0.0028248587570621,306.0,False,False,0.0032679738562091
147,205,205,4318.0,False,False,0.0002315886984715,4318.0,False,False,0.0002315886984715,1.0,True,True,1.0,42.0,False,False,0.0238095238095238,33.0,False,False,0.0303030303030303,2400.0,False,False,0.0004166666666666
148,206,206,984.0,False,False,0.0010162601626016,1641.0,False,False,0.0006093845216331,112.0,False,False,0.0089285714285714,1055.0,False,False,0.0009478672985781,502.0,False,False,0.0019920318725099,890.0,False,False,0.0011235955056179
149,207,207,2474.0,False,False,0.0004042037186742,2474.0,False,False,0.0004042037186742,134.0,False,False,0.0074626865671641,1031.0,False,False,0.0009699321047526,409.0,False,False,0.0024449877750611,1223.0,False,False,0.0008176614881439
150,208,208,1.0,True,True,1.0,1.0,True,True,1.0,3.0,False,True,0.3333333333333333,104.0,False,False,0.0096153846153846,355.0,False,False,0.0028169014084507,3676.0,False,False,0.000272034820457
151,209,209,1.0,True,True,1.0,1.0,True,True,1.0,322.0,False,False,0.0031055900621118,534.0,False,False,0.0018726591760299,127.0,False,False,0.0078740157480314,6090.0,False,False,0.0001642036124794
152,210,210,6395.0,False,False,0.0001563721657544,6395.0,False,False,0.0001563721657544,17.0,False,False,0.0588235294117647,756.0,False,False,0.0013227513227513,4.0,False,True,0.25,859.0,False,False,0.0011641443538998
153,211,211,9396.0,False,False,0.0001064282673478,9396.0,False,False,0.0001064282673478,52.0,False,False,0.0192307692307692,271.0,False,False,0.003690036900369,1267.0,False,False,0.0007892659826361,510.0,False,False,0.0019607843137254
154,212,212,9547.0,False,False,0.0001047449460563,9547.0,False,False,0.0001047449460563,1541.0,False,False,0.0006489292667099,4761.0,False,False,0.0002100399075824,5656.0,False,False,0.0001768033946251,180.0,False,False,0.0055555555555555
155,213,213,1131.0,False,False,0.0008841732979664,1131.0,False,False,0.0008841732979664,3425.0,False,False,0.0002919708029197,140.0,False,False,0.0071428571428571,2609.0,False,False,0.000383288616328,2862.0,False,False,0.0003494060097833
156,214,214,599.0,False,False,0.001669449081803,599.0,False,False,0.001669449081803,15.0,False,False,0.0666666666666666,27.0,False,False,0.037037037037037,9.0,False,True,0.1111111111111111,64.0,False,False,0.015625
157,215,215,2008.0,False,False,0.0004980079681274,2008.0,False,False,0.0004980079681274,405.0,False,False,0.0024691358024691,383.0,False,False,0.0026109660574412,280.0,False,False,0.0035714285714285,77.0,False,False,0.0129870129870129
158,216,216,1820.0,False,False,0.0005494505494505,1820.0,False,False,0.0005494505494505,2054.0,False,False,0.0004868549172346,584.0,False,False,0.0017123287671232,701.0,False,False,0.0014265335235378,1274.0,False,False,0.0007849293563579
159,218,218,3342.0,False,False,0.0002992220227408,3342.0,False,False,0.0002992220227408,649.0,False,False,0.0015408320493066,498.0,False,False,0.002008032128514,242.0,False,False,0.0041322314049586,1186.0,False,False,0.0008431703204047
160,219,219,1884.0,False,False,0.0005307855626326,1884.0,False,False,0.0005307855626326,7.0,False,True,0.1428571428571428,503.0,False,False,0.0019880715705765,8.0,False,True,0.125,1388.0,False,False,0.0007204610951008
161,220,220,1.0,True,True,1.0,1.0,True,True,1.0,564.0,False,False,0.00177304964539,1854.0,False,False,0.000539374325782,81.0,False,False,0.0123456790123456,149.0,False,False,0.0067114093959731
162,221,221,1270.0,False,False,0.0007874015748031,1270.0,False,False,0.0007874015748031,381.0,False,False,0.0026246719160104,76.0,False,False,0.0131578947368421,192.0,False,False,0.0052083333333333,82.0,False,False,0.0121951219512195
163,222,222,616.0,False,False,0.0016233766233766,616.0,False,False,0.0016233766233766,233.0,False,False,0.0042918454935622,64.0,False,False,0.015625,27.0,False,False,0.037037037037037,1158.0,False,False,0.0008635578583765
164,223,223,1773.0,False,False,0.0005640157924421,1773.0,False,False,0.0005640157924421,18.0,False,False,0.0555555555555555,1526.0,False,False,0.0006553079947575,6.0,False,True,0.1666666666666666,18.0,False,False,0.0555555555555555
165,224,224,249.0,False,False,0.0040160642570281,249.0,False,False,0.0040160642570281,28.0,False,False,0.0357142857142857,279.0,False,False,0.003584229390681,5.0,False,True,0.2,522.0,False,False,0.0019157088122605
166,225,225,552.0,False,False,0.0018115942028985,552.0,False,False,0.0018115942028985,715.0,False,False,0.0013986013986013,1171.0,False,False,0.0008539709649871,49.0,False,False,0.0204081632653061,706.0,False,False,0.0014164305949008
167,226,226,6251.0,False,False,0.0001599744040953,6251.0,False,False,0.0001599744040953,878.0,False,False,0.0011389521640091,2501.0,False,False,0.0003998400639744,336.0,False,False,0.0029761904761904,2576.0,False,False,0.0003881987577639
168,227,227,734.0,False,False,0.0013623978201634,734.0,False,False,0.0013623978201634,566.0,False,False,0.0017667844522968,756.0,False,False,0.0013227513227513,622.0,False,False,0.0016077170418006,134.0,False,False,0.0074626865671641
169,228,228,1.0,True,True,1.0,1.0,True,True,1.0,525.0,False,False,0.0019047619047619,543.0,False,False,0.001841620626151,4.0,False,True,0.25,2579.0,False,False,0.0003877471888328
