supported_index,dataset,model,status,query_id,spectrum_id,casmi_id,adduct,precursor_mz,collision_energy_used,true_candidate_id,candidate_pool_policy,candidate_count,predicted_spectrum_count,failed_prediction_count,nan_score_count,true_rank,top1_correct,top5_correct,top10_correct,reciprocal_rank,top1_candidate_smiles,top1_tanimoto,formula_accuracy,score_name,elapsed_seconds,source_shard,source_file,in_matched_manifest
0,CASMI2022,iceberg,completed,0,0,3,[M+H]+,719.253866983956,30,CASMI_MOL_1196787,full_query_candidate_set,1241,1241,0,0,12.0,False,False,False,0.0833333333333333,COc1ccc(-c2oc3c(CC=C(C)C)c(O)cc(O)c3c(=O)c2OC2OC(C)C(O)C(OC(C)=O)C2OC2OC(CO)C(O)C(O)C2O)cc1,0.8809523809523809,True,binned_cosine_1Da,4058.6499605178833,shard_manifest_q000,results/harmonized_sota_candidate_reruns_v1/iceberg/shard_manifest_q000/casmi2022_iceberg_harmonized_query_results.csv,True
1,CASMI2022,iceberg,completed,3,3,9,[M+H]+,336.173416402974,30,CASMI_MOL_1196790,full_query_candidate_set,8524,8524,0,0,4.0,False,True,True,0.25,CCCC(=O)N1CSCC1C(=O)Nc1cccc(CNCC)c1,0.1309523809523809,True,binned_cosine_1Da,2740.426482439041,shard_001_005,results/harmonized_sota_candidate_reruns_v1/iceberg/shard_001_005/casmi2022_iceberg_harmonized_query_results.csv,True
2,CASMI2022,iceberg,completed,4,4,10,[M+H]+,472.208379934413,30,CASMI_MOL_1196791,full_query_candidate_set,7594,7594,0,0,621.0,False,False,False,0.001610305958132,CC(C)COC(=O)C(C#N)=Cc1ccc(OCCOc2ccc(OCc3ccccc3)cc2)cc1,0.1224489795918367,False,binned_cosine_1Da,3210.841794490814,shard_001_005,results/harmonized_sota_candidate_reruns_v1/iceberg/shard_001_005/casmi2022_iceberg_harmonized_query_results.csv,True
3,CASMI2022,iceberg,completed,5,5,11,[M+H]+,657.311672306106,30,CASMI_MOL_1196792,full_query_candidate_set,1074,1074,0,0,26.0,False,False,False,0.0384615384615384,CCCCCCCC(=O)Nc1nnc(SCCCCCCCCCCSc2nnc(NC(=O)CCCCCCC)s2)s1,0.1162790697674418,False,binned_cosine_1Da,603.5392808914185,shard_001_005,results/harmonized_sota_candidate_reruns_v1/iceberg/shard_001_005/casmi2022_iceberg_harmonized_query_results.csv,True
4,CASMI2022,iceberg,completed,6,6,15,[M+H]+,519.33115928565,30,CASMI_MOL_1196793,full_query_candidate_set,1524,1524,0,0,538.0,False,False,False,0.0018587360594795,CC=C(C)C(=O)OC(C)C(C)(O)C(=O)OC1CC(C)(C)C2CC=C(C)C(CC=C(C)CC(=O)O)C2(C)C1,0.1764705882352941,True,binned_cosine_1Da,836.7253663539886,shard_001_005,results/harmonized_sota_candidate_reruns_v1/iceberg/shard_001_005/casmi2022_iceberg_harmonized_query_results.csv,True
5,CASMI2022,iceberg,completed,7,7,16,[M+H]+,233.116974574285,30,CASMI_MOL_1196794,full_query_candidate_set,7016,7016,0,0,28.0,False,False,False,0.0357142857142857,CCOC(=O)C1=C(C)C(=O)C2=C1C1CCC2C1,0.1428571428571428,True,binned_cosine_1Da,2183.9359364509583,shard_001_005,results/harmonized_sota_candidate_reruns_v1/iceberg/shard_001_005/casmi2022_iceberg_harmonized_query_results.csv,True
6,CASMI2022,iceberg,completed,9,9,21,[M+H]+,347.12743382156,30,CASMI_MOL_1196796,full_query_candidate_set,8632,8632,0,0,131.0,False,False,False,0.0076335877862595,O=C(OCc1ccccc1)c1cccc(Cc2ccccc2)c1C(=O)O,0.1147540983606557,True,binned_cosine_1Da,2803.1150691509247,shard_006_010,results/harmonized_sota_candidate_reruns_v1/iceberg/shard_006_010/casmi2022_iceberg_harmonized_query_results.csv,True
7,CASMI2022,iceberg,partial_prediction_failures,10,10,22,[M+H]+,454.07482453927,30,CASMI_MOL_1196797,full_query_candidate_set,2797,2793,4,4,147.0,False,False,False,0.0068027210884353,O=C1CCC(N2Cc3ccc(CNC(=O)c4nnc(C(F)(F)F)s4)cc3C2=O)C(=O)N1,0.1818181818181818,False,binned_cosine_1Da,1699.3853237628937,shard_006_010,results/harmonized_sota_candidate_reruns_v1/iceberg/shard_006_010/casmi2022_iceberg_harmonized_query_results.csv,True
8,CASMI2022,iceberg,partial_prediction_failures,11,11,23,[M+H]+,489.226761835099,30,CASMI_MOL_1196798,full_query_candidate_set,6368,6363,5,5,24.0,False,False,False,0.0416666666666666,Cc1cn(-c2ccc(Cl)c(C(=O)NCC3(O)CCCCCC3)c2)c(=O)n1CC(=O)N(C)C1CC1,0.1160714285714285,False,binned_cosine_1Da,4125.396358728409,shard_006_010,results/harmonized_sota_candidate_reruns_v1/iceberg/shard_006_010/casmi2022_iceberg_harmonized_query_results.csv,True
9,CASMI2022,iceberg,completed,12,12,26,[M+H]+,192.138122780028,30,CASMI_MOL_1196799,full_query_candidate_set,9462,9462,0,0,42.0,False,False,False,0.0238095238095238,CCCN(C=O)C(C)c1ccccc1,0.25,True,binned_cosine_1Da,2283.5973534584045,shard_006_010,results/harmonized_sota_candidate_reruns_v1/iceberg/shard_006_010/casmi2022_iceberg_harmonized_query_results.csv,True
10,CASMI2022,iceberg,completed,15,15,34,[M+H]+,505.221679905913,30,CASMI_MOL_1196802,full_query_candidate_set,4775,4775,0,0,5.0,False,True,True,0.2,O=C(CCN1CCC1)N1CCN(CCCN2c3ccccc3Sc3ccc(C(F)(F)F)cc32)CC1,0.1428571428571428,False,binned_cosine_1Da,2587.8818032741547,shard_006_010,results/harmonized_sota_candidate_reruns_v1/iceberg/shard_006_010/casmi2022_iceberg_harmonized_query_results.csv,True
11,CASMI2022,iceberg,completed,16,16,35,[M+H]+,522.596526377514,30,CASMI_MOL_1196803,full_query_candidate_set,103,103,0,0,69.0,False,False,False,0.0144927536231884,CCCCCCCCCC(CCCCCCCCCCC(CCCCC)CCCCC)CCCN(C)C,0.4,True,binned_cosine_1Da,67.89501428604126,shard_011_015,results/harmonized_sota_candidate_reruns_v1/iceberg/shard_011_015/casmi2022_iceberg_harmonized_query_results.csv,True
12,CASMI2022,iceberg,partial_prediction_failures,17,17,41,[M+H]+,251.163916083717,30,CASMI_MOL_1196804,full_query_candidate_set,9564,9562,2,2,2455.0,False,False,False,0.00040733197556,Cc1nc(C2CCC(F)CC2)nc(=N)cc1CN,0.09375,False,binned_cosine_1Da,4271.278364896774,shard_011_015,results/harmonized_sota_candidate_reruns_v1/iceberg/shard_011_015/casmi2022_iceberg_harmonized_query_results.csv,True
13,CASMI2022,iceberg,partial_prediction_failures,18,18,42,[M+H]+,199.096388145119,30,CASMI_MOL_1196806,full_query_candidate_set,6548,6546,2,2,1534.0,False,False,False,0.0006518904823989,CC1(O)CCC(=O)C=C1CCC(=O)O,0.1481481481481481,True,binned_cosine_1Da,2646.00461101532,shard_011_015,results/harmonized_sota_candidate_reruns_v1/iceberg/shard_011_015/casmi2022_iceberg_harmonized_query_results.csv,True
14,CASMI2022,iceberg,completed,21,21,48,[M+H]+,419.096457918953,30,CASMI_MOL_1196809,full_query_candidate_set,5615,5615,0,0,4.0,False,True,True,0.25,COc1c2cc(C)c3c1OCOc1c(c(C)c(C(=O)OC(=O)O)c-2c1OC)OCO3,0.3518518518518518,True,binned_cosine_1Da,1991.1311886310575,shard_011_015,results/harmonized_sota_candidate_reruns_v1/iceberg/shard_011_015/casmi2022_iceberg_harmonized_query_results.csv,True
15,CASMI2022,iceberg,completed,22,22,54,[M+H]+,235.09602715843,30,CASMI_MOL_1196810,full_query_candidate_set,6294,6294,0,0,186.0,False,False,False,0.0053763440860215,COCc1c(C(=O)O)oc2c(C)c(C)ccc12,0.2,True,binned_cosine_1Da,1481.7569291591644,shard_011_015,results/harmonized_sota_candidate_reruns_v1/iceberg/shard_011_015/casmi2022_iceberg_harmonized_query_results.csv,True
16,CASMI2022,iceberg,completed,23,23,55,[M+H]+,305.24715503306,30,CASMI_MOL_1196811,full_query_candidate_set,5745,5745,0,0,322.0,False,False,False,0.0031055900621118,CCC=CCC=CCCCCC=CCC=CCCCC(=O)O,0.15,True,binned_cosine_1Da,1725.600490808487,shard_016_020,results/harmonized_sota_candidate_reruns_v1/iceberg/shard_016_020/casmi2022_iceberg_harmonized_query_results.csv,True
17,CASMI2022,iceberg,completed,24,24,56,[M+H]+,251.081286729391,30,CASMI_MOL_1196813,full_query_candidate_set,5015,5015,0,0,148.0,False,False,False,0.0067567567567567,O=C=NCc1ccccc1-c1nc2ccccc2o1,0.123076923076923,True,binned_cosine_1Da,1437.2139539718628,shard_016_020,results/harmonized_sota_candidate_reruns_v1/iceberg/shard_016_020/casmi2022_iceberg_harmonized_query_results.csv,True
18,CASMI2022,iceberg,completed,25,25,57,[M+H]+,256.190347458289,30,CASMI_MOL_1196814,full_query_candidate_set,9778,9778,0,0,4.0,False,True,True,0.25,C=C(C)C(=O)C(CCCCCCCCN)C(=O)O,0.16,True,binned_cosine_1Da,2613.8203523159027,shard_016_020,results/harmonized_sota_candidate_reruns_v1/iceberg/shard_016_020/casmi2022_iceberg_harmonized_query_results.csv,True
19,CASMI2022,iceberg,completed,26,26,63,[M+H]+,287.113248407357,30,CASMI_MOL_1196815,full_query_candidate_set,8521,8521,0,0,143.0,False,False,False,0.0069930069930069,COc1ccc(C(=O)Nc2nn(C)cc2C#N)c(OC)c1,0.1139240506329113,True,binned_cosine_1Da,2437.9420602321625,shard_016_020,results/harmonized_sota_candidate_reruns_v1/iceberg/shard_016_020/casmi2022_iceberg_harmonized_query_results.csv,True
20,CASMI2022,iceberg,completed,27,27,64,[M+H]+,564.248474121094,30,CASMI_MOL_1196816,full_query_candidate_set,3327,3327,0,0,4.0,False,True,True,0.25,COc1ccc(N2Cc3ccc(CN4Cc5cnc(CO)cc5C4=O)cc3C2=O)cc1OC(C)CCc1ccccc1,0.209090909090909,True,binned_cosine_1Da,1229.489056348801,shard_016_020,results/harmonized_sota_candidate_reruns_v1/iceberg/shard_016_020/casmi2022_iceberg_harmonized_query_results.csv,True
21,CASMI2022,iceberg,partial_prediction_failures,29,29,69,[M+H]+,442.152698645402,30,CASMI_MOL_1196818,full_query_candidate_set,8062,8060,2,2,367.0,False,False,False,0.0027247956403269,CC(=O)NCC1CN(c2ccc(N3C=NN([S+]([O-])C(C)(C)O)CC3)c(F)c2)C(=O)O1,0.125,False,binned_cosine_1Da,3110.3503787517548,shard_021_025,results/harmonized_sota_candidate_reruns_v1/iceberg/shard_021_025/casmi2022_iceberg_harmonized_query_results.csv,True
22,CASMI2022,iceberg,completed,31,31,77,[M+H]+,268.169176279556,30,CASMI_MOL_1196820,full_query_candidate_set,9668,9668,0,0,13.0,False,False,False,0.0769230769230769,CCC(C)c1ccc(C(=O)c2cc(C)cc(N)c2)cc1,0.1636363636363636,True,binned_cosine_1Da,2205.795647382736,shard_021_025,results/harmonized_sota_candidate_reruns_v1/iceberg/shard_021_025/casmi2022_iceberg_harmonized_query_results.csv,True
23,CASMI2022,iceberg,partial_prediction_failures,34,34,91,[M+H]+,88.075645446777,30,CASMI_MOL_1196823,full_query_candidate_set,457,454,3,3,123.0,False,False,False,0.008130081300813,CCCC=NO,0.2727272727272727,True,binned_cosine_1Da,322.9331076145172,shard_021_025,results/harmonized_sota_candidate_reruns_v1/iceberg/shard_021_025/casmi2022_iceberg_harmonized_query_results.csv,True
24,CASMI2022,iceberg,completed,35,35,92,[M+H]+,812.47884213126,30,CASMI_MOL_1196824,full_query_candidate_set,233,233,0,0,66.0,False,False,False,0.0151515151515151,CCC1OC(=O)C(C)C(=O)C(C)C(OC2OC(C)CC(N(C)C)C2O)C(C)(OC)CC(C)C2=[N+]([O-])CN(CCCc3c[nH]c4ccccc34)N3C(=O)OC1(C)C3C2C,0.544,True,binned_cosine_1Da,122.19116926193236,shard_021_025,results/harmonized_sota_candidate_reruns_v1/iceberg/shard_021_025/casmi2022_iceberg_harmonized_query_results.csv,True
25,CASMI2022,iceberg,completed,37,37,98,[M+H]+,335.220961257905,30,CASMI_MOL_1196826,full_query_candidate_set,8957,8957,0,0,3029.0,False,False,False,0.0003301419610432,CC(C)C1=CC2CC1(C(=O)O)C(C=O)(C1CCC(C)C1CCO)C2,0.1481481481481481,True,binned_cosine_1Da,2134.1710679531097,shard_021_025,results/harmonized_sota_candidate_reruns_v1/iceberg/shard_021_025/casmi2022_iceberg_harmonized_query_results.csv,True
26,CASMI2022,iceberg,partial_prediction_failures,38,38,99,[M+H]+,267.158658505007,30,CASMI_MOL_1196827,full_query_candidate_set,9532,9524,8,8,339.0,False,False,False,0.0029498525073746,O=C(O)C=CCCC=CCC=CCCCCC(=O)O,0.1764705882352941,True,binned_cosine_1Da,3572.5842249393463,shard_026_030,results/harmonized_sota_candidate_reruns_v1/iceberg/shard_026_030/casmi2022_iceberg_harmonized_query_results.csv,True
27,CASMI2022,iceberg,completed,39,39,104,[M+H]+,110.059909596967,30,CASMI_MOL_1196829,full_query_candidate_set,859,859,0,0,131.0,False,False,False,0.0076335877862595,C=Cc1ncc(C)o1,0.0833333333333333,True,binned_cosine_1Da,88.80941247940063,shard_026_030,results/harmonized_sota_candidate_reruns_v1/iceberg/shard_026_030/casmi2022_iceberg_harmonized_query_results.csv,True
28,CASMI2022,iceberg,partial_prediction_failures,40,40,105,[M+H]+,457.20099752921,30,CASMI_MOL_1196830,full_query_candidate_set,7695,7689,6,6,210.0,False,False,False,0.0047619047619047,CCC1CCC2(CC1)NC(=O)N(CC(=O)N1CCN(c3nc4cccnc4s3)CC1)C2=O,0.2244897959183673,True,binned_cosine_1Da,3551.1761322021484,shard_026_030,results/harmonized_sota_candidate_reruns_v1/iceberg/shard_026_030/casmi2022_iceberg_harmonized_query_results.csv,True
29,CASMI2022,iceberg,completed,41,41,106,[M+H]+,484.216078579256,30,CASMI_MOL_1196831,full_query_candidate_set,5158,5158,0,0,3.0,False,True,True,0.3333333333333333,Nc1ncc(-c2cccc(C(=O)N3CCC(N4CCCC4)CC3)c2)cc1-c1nc2ccccc2s1,0.4337349397590361,True,binned_cosine_1Da,1493.4269905090332,shard_026_030,results/harmonized_sota_candidate_reruns_v1/iceberg/shard_026_030/casmi2022_iceberg_harmonized_query_results.csv,True
30,CASMI2022,iceberg,completed,42,42,112,[M+H]+,395.232386610341,30,CASMI_MOL_1196832,full_query_candidate_set,9484,9484,0,0,176.0,False,False,False,0.0056818181818181,CC(=O)N1C(c2ccc(C(F)(F)F)cc2)CCC2CCCC(N3CCCC3)C21,0.1397849462365591,False,binned_cosine_1Da,2424.6986236572266,shard_026_030,results/harmonized_sota_candidate_reruns_v1/iceberg/shard_026_030/casmi2022_iceberg_harmonized_query_results.csv,True
31,CASMI2022,iceberg,partial_prediction_failures,43,43,113,[M+H]+,333.205381675245,30,CASMI_MOL_1196833,full_query_candidate_set,8937,8935,2,2,267.0,False,False,False,0.0037453183520599,CC12CCC(=O)C=C1CCC1C2CCC2(CO)C(C(=O)O)CCC12,0.1139240506329113,True,binned_cosine_1Da,3238.594666481018,shard_031_035,results/harmonized_sota_candidate_reruns_v1/iceberg/shard_031_035/casmi2022_iceberg_harmonized_query_results.csv,True
32,CASMI2022,iceberg,partial_prediction_failures,46,46,117,[M+H]+,145.075823480782,30,CASMI_MOL_1196837,full_query_candidate_set,960,955,5,5,166.0,False,False,False,0.0060240963855421,Cc1nccc2cnccc12,0.4375,True,binned_cosine_1Da,975.8569891452788,shard_031_035,results/harmonized_sota_candidate_reruns_v1/iceberg/shard_031_035/casmi2022_iceberg_harmonized_query_results.csv,True
33,CASMI2022,iceberg,completed,48,48,122,[M+H]+,429.226698960775,30,CASMI_MOL_1196839,full_query_candidate_set,9066,9066,0,0,68.0,False,False,False,0.0147058823529411,Cc1cc2nc(C)c(CCC(=O)NC(C)c3ccc(Oc4ccccc4)cc3)c(C)n2n1,0.1067961165048543,False,binned_cosine_1Da,3076.0426626205444,shard_031_035,results/harmonized_sota_candidate_reruns_v1/iceberg/shard_031_035/casmi2022_iceberg_harmonized_query_results.csv,True
34,CASMI2022,iceberg,completed,50,50,130,[M+H]+,173.047241210938,30,CASMI_MOL_1196841,full_query_candidate_set,1506,1506,0,0,1345.0,False,False,False,0.0007434944237918,C1=CC2=NC(c3cocn3)=NC2=N1,0.0444444444444444,False,binned_cosine_1Da,235.72095346450809,shard_031_035,results/harmonized_sota_candidate_reruns_v1/iceberg/shard_031_035/casmi2022_iceberg_harmonized_query_results.csv,True
35,CASMI2022,iceberg,completed,51,51,134,[M+H]+,739.243161879911,30,CASMI_MOL_1196842,full_query_candidate_set,558,558,0,0,141.0,False,False,False,0.0070921985815602,C=CC1c2ccccc2N=C2N(C(=O)OC(C)(C)C)c3cccc(OC)c3C21CCN(C(=O)OCc1ccccc1)S(=O)(=O)c1ccc([N+](=O)[O-])cc1,0.1386861313868613,False,binned_cosine_1Da,254.57081627845764,shard_031_035,results/harmonized_sota_candidate_reruns_v1/iceberg/shard_031_035/casmi2022_iceberg_harmonized_query_results.csv,True
36,CASMI2022,iceberg,partial_prediction_failures,53,53,141,[M+H]+,98.096313476563,30,CASMI_MOL_1196844,full_query_candidate_set,1206,1194,12,12,1096.0,False,False,False,0.000912408759124,C#CN(C)C(C)C,0.0,True,binned_cosine_1Da,1019.2135102748872,shard_036_040,results/harmonized_sota_candidate_reruns_v1/iceberg/shard_036_040/casmi2022_iceberg_harmonized_query_results.csv,True
37,CASMI2022,iceberg,completed,54,54,142,[M+H]+,212.081565615679,30,CASMI_MOL_1196845,full_query_candidate_set,6814,6814,0,0,135.0,False,False,False,0.0074074074074074,O=c1ccc2cnccc2n1-c1ccc[nH]1,0.1333333333333333,True,binned_cosine_1Da,2116.982695579529,shard_036_040,results/harmonized_sota_candidate_reruns_v1/iceberg/shard_036_040/casmi2022_iceberg_harmonized_query_results.csv,True
38,CASMI2022,iceberg,completed,55,55,147,[M+H]+,349.200553291463,30,CASMI_MOL_1196846,full_query_candidate_set,9288,9288,0,0,60.0,False,False,False,0.0166666666666666,CC=C(C)C(=O)OC1CCC2(C)c3c(coc3O)CC(O)C2C1(C)C,0.2597402597402597,True,binned_cosine_1Da,3508.406237602234,shard_036_040,results/harmonized_sota_candidate_reruns_v1/iceberg/shard_036_040/casmi2022_iceberg_harmonized_query_results.csv,True
39,CASMI2022,iceberg,partial_prediction_failures,56,56,148,[M+H]+,267.158989552775,30,CASMI_MOL_1196828,full_query_candidate_set,9532,9524,8,8,64.0,False,False,False,0.015625,O=C(O)CCCCCC1C2C=CC(C2)C1CC(=O)O,0.1333333333333333,True,binned_cosine_1Da,3354.0031085014343,shard_036_040,results/harmonized_sota_candidate_reruns_v1/iceberg/shard_036_040/casmi2022_iceberg_harmonized_query_results.csv,True
40,CASMI2022,iceberg,completed,58,58,152,[M+H]+,127.075180638479,30,CASMI_MOL_1196849,full_query_candidate_set,2999,2999,0,0,266.0,False,False,False,0.0037593984962406,O=C(O)C1CC2CCC21,0.1428571428571428,True,binned_cosine_1Da,296.9091989994049,shard_036_040,results/harmonized_sota_candidate_reruns_v1/iceberg/shard_036_040/casmi2022_iceberg_harmonized_query_results.csv,True
41,CASMI2022,iceberg,completed,59,59,153,[M+H]+,228.231926090935,30,CASMI_MOL_1196850,full_query_candidate_set,9219,9219,0,0,862.0,False,False,False,0.0011600928074245,CCC(C)CNC1CCOC(CC)(CC)C1,0.0652173913043478,True,binned_cosine_1Da,1656.686828136444,shard_041_045,results/harmonized_sota_candidate_reruns_v1/iceberg/shard_041_045/casmi2022_iceberg_harmonized_query_results.csv,True
42,CASMI2022,iceberg,completed,60,60,158,[M+H]+,319.226352058803,30,CASMI_MOL_1196851,full_query_candidate_set,7090,7090,0,0,35.0,False,False,False,0.0285714285714285,CCC=CCC=CCC=CCC=CCC=CCCOCC(=O)O,0.1076923076923077,True,binned_cosine_1Da,1795.1690492630005,shard_041_045,results/harmonized_sota_candidate_reruns_v1/iceberg/shard_041_045/casmi2022_iceberg_harmonized_query_results.csv,True
43,CASMI2022,iceberg,partial_prediction_failures,61,61,159,[M+H]+,485.216505310484,30,CASMI_MOL_1196853,full_query_candidate_set,8027,8021,6,6,18.0,False,False,False,0.0555555555555555,CC(C)(C)c1cc(OC(=O)CCCC(=O)Oc2cc(C=O)c(O)c(C(C)(C)C)c2)cc(C=O)c1O,0.1358024691358024,True,binned_cosine_1Da,3684.650742530823,shard_041_045,results/harmonized_sota_candidate_reruns_v1/iceberg/shard_041_045/casmi2022_iceberg_harmonized_query_results.csv,True
44,CASMI2022,iceberg,partial_prediction_failures,64,64,169,[M+H]+,705.237865088362,30,CASMI_MOL_1196856,full_query_candidate_set,817,815,2,2,2.0,False,True,True,0.5,CC(=O)OC1C(C)OC(Oc2c(-c3ccc(O)cc3)oc3c(CC=C(C)C)c(OC4OC(CO)C(O)C(O)C4O)cc(O)c3c2=O)C(O)C1O,1.0,True,binned_cosine_1Da,892.1995997428894,shard_041_045,results/harmonized_sota_candidate_reruns_v1/iceberg/shard_041_045/casmi2022_iceberg_harmonized_query_results.csv,True
45,CASMI2022,iceberg,completed,65,65,170,[M+H]+,249.148315429688,30,CASMI_MOL_1196857,full_query_candidate_set,9590,9590,0,0,1717.0,False,False,False,0.0005824111822947,CC1CCCCc2cc(O)ccc2OC(=O)CC1,0.1612903225806451,True,binned_cosine_1Da,2209.023187160492,shard_041_045,results/harmonized_sota_candidate_reruns_v1/iceberg/shard_041_045/casmi2022_iceberg_harmonized_query_results.csv,True
46,CASMI2022,iceberg,completed,68,68,177,[M+H]+,114.127519082222,30,CASMI_MOL_1196860,full_query_candidate_set,1511,1511,0,0,173.0,False,False,False,0.0057803468208092,NC1CCCCCC1,0.3888888888888889,True,binned_cosine_1Da,114.23135375976562,shard_046_050,results/harmonized_sota_candidate_reruns_v1/iceberg/shard_046_050/casmi2022_iceberg_harmonized_query_results.csv,True
47,CASMI2022,iceberg,completed,69,69,178,[M+H]+,282.169477178943,30,CASMI_MOL_1196861,full_query_candidate_set,9556,9556,0,0,2076.0,False,False,False,0.0004816955684007,CC(C)=CCCC(C)=CCNC(=O)C(=O)CCC(=O)O,0.1632653061224489,True,binned_cosine_1Da,2185.0892248153687,shard_046_050,results/harmonized_sota_candidate_reruns_v1/iceberg/shard_046_050/casmi2022_iceberg_harmonized_query_results.csv,True
48,CASMI2022,iceberg,completed,70,70,183,[M+H]+,331.189924191026,30,CASMI_MOL_1196862,full_query_candidate_set,8926,8926,0,0,108.0,False,False,False,0.0092592592592592,CCC=c1cc2c(c(O)c1C(=O)O)=CCC(C)(CCC=C(C)C)O2,0.1604938271604938,True,binned_cosine_1Da,2272.0761172771454,shard_046_050,results/harmonized_sota_candidate_reruns_v1/iceberg/shard_046_050/casmi2022_iceberg_harmonized_query_results.csv,True
49,CASMI2022,iceberg,completed,71,71,184,[M+H]+,169.12214356171,30,CASMI_MOL_1196863,full_query_candidate_set,9485,9485,0,0,4150.0,False,False,False,0.0002409638554216,CC(C)C12CC(CC(=O)O)(C1)C2,0.131578947368421,True,binned_cosine_1Da,1311.1084451675415,shard_046_050,results/harmonized_sota_candidate_reruns_v1/iceberg/shard_046_050/casmi2022_iceberg_harmonized_query_results.csv,True
50,CASMI2022,iceberg,completed,74,74,189,[M+H]+,144.138018811886,30,CASMI_MOL_1196866,full_query_candidate_set,7251,7251,0,0,3866.0,False,False,False,0.0002586652871184,CCCCNCCC1CO1,0.0769230769230769,True,binned_cosine_1Da,842.5477068424225,shard_046_050,results/harmonized_sota_candidate_reruns_v1/iceberg/shard_046_050/casmi2022_iceberg_harmonized_query_results.csv,True
51,CASMI2022,iceberg,completed,75,75,190,[M+H]+,287.048180621777,30,CASMI_MOL_1196867,full_query_candidate_set,4498,4498,0,0,20.0,False,False,False,0.05,Cc1scnc1C(=O)OC(=O)c1c[nH]c2ccccc12,0.4727272727272727,True,binned_cosine_1Da,5544.825847387314,shard_051_055,results/harmonized_sota_candidate_reruns_v1/iceberg/shard_051_055/casmi2022_iceberg_harmonized_query_results.csv,True
52,CASMI2022,iceberg,completed,76,76,193,[M+H]+,305.247069182952,30,CASMI_MOL_1196812,full_query_candidate_set,5745,5745,0,0,321.0,False,False,False,0.0031152647975077,CCCCCC=CCC=CCCCC=C=CCCCC(=O)O,0.1044776119402985,True,binned_cosine_1Da,7507.647662401199,shard_051_055,results/harmonized_sota_candidate_reruns_v1/iceberg/shard_051_055/casmi2022_iceberg_harmonized_query_results.csv,True
53,CASMI2022,iceberg,completed,77,77,194,[M+H]+,399.237181334685,30,CASMI_MOL_1196868,full_query_candidate_set,8719,8719,0,0,5.0,False,True,True,0.2,CC1=C2CC(C(C)(C)OC3OC(CO)C(O)C(O)C3O)CCC2(C)CCC1=O,1.0,True,binned_cosine_1Da,12864.454369544985,shard_051_055,results/harmonized_sota_candidate_reruns_v1/iceberg/shard_051_055/casmi2022_iceberg_harmonized_query_results.csv,True
54,CASMI2022,iceberg,completed,78,78,201,[M+H]+,103.086471920208,30,CASMI_MOL_1196869,full_query_candidate_set,787,787,0,0,3.0,False,True,True,0.3333333333333333,CC(C)NNC=O,0.1034482758620689,True,binned_cosine_1Da,242.6406261920929,shard_051_055,results/harmonized_sota_candidate_reruns_v1/iceberg/shard_051_055/casmi2022_iceberg_harmonized_query_results.csv,True
55,CASMI2022,iceberg,partial_prediction_failures,79,79,208,[M+H]+,330.205834046795,30,CASMI_MOL_1196870,full_query_candidate_set,7821,7820,1,1,451.0,False,False,False,0.0022172949002217,COC1=CCC=C(OC)C1CCC1NCCc2cc(OC)ccc21,0.0833333333333333,True,binned_cosine_1Da,11105.23197722435,shard_051_055,results/harmonized_sota_candidate_reruns_v1/iceberg/shard_051_055/casmi2022_iceberg_harmonized_query_results.csv,True
56,CASMI2022,iceberg,partial_prediction_failures,80,80,209,[M+H]+,303.122479714061,30,CASMI_MOL_1196871,full_query_candidate_set,7809,7808,1,1,226.0,False,False,False,0.0044247787610619,O=C(O)CCCCCCC(=O)c1ccc(C(F)(F)F)cc1,0.072463768115942,False,binned_cosine_1Da,11149.533133029938,shard_056_060,results/harmonized_sota_candidate_reruns_v1/iceberg/shard_056_060/casmi2022_iceberg_harmonized_query_results.csv,True
57,CASMI2022,iceberg,partial_prediction_failures,82,82,213,[M+H]+,140.106780463631,30,CASMI_MOL_1196873,full_query_candidate_set,5788,5787,1,1,269.0,False,False,False,0.0037174721189591,CC1CC(=O)N2CCCC12,0.2424242424242424,True,binned_cosine_1Da,3407.7861523628235,shard_056_060,results/harmonized_sota_candidate_reruns_v1/iceberg/shard_056_060/casmi2022_iceberg_harmonized_query_results.csv,True
58,CASMI2022,iceberg,completed,83,83,219,[M+H]+,229.143216539695,30,CASMI_MOL_1196874,full_query_candidate_set,9564,9564,0,0,776.0,False,False,False,0.0012886597938144,CCC(CC=C(C)CCC(=O)O)OC(C)=O,0.2083333333333333,True,binned_cosine_1Da,10352.242180347444,shard_056_060,results/harmonized_sota_candidate_reruns_v1/iceberg/shard_056_060/casmi2022_iceberg_harmonized_query_results.csv,True
59,CASMI2022,iceberg,completed,84,84,220,[M+H]+,319.226464781691,30,CASMI_MOL_1196852,full_query_candidate_set,7090,7090,0,0,2908.0,False,False,False,0.0003438789546079,CCCC(CCCC(=O)CC(=O)O)c1ccc(CC(C)C)cc1,0.0921052631578947,True,binned_cosine_1Da,9397.625710725784,shard_056_060,results/harmonized_sota_candidate_reruns_v1/iceberg/shard_056_060/casmi2022_iceberg_harmonized_query_results.csv,True
60,CASMI2022,iceberg,partial_prediction_failures,87,87,226,[M+H]+,148.075452106098,30,CASMI_MOL_1196876,full_query_candidate_set,2560,2559,1,1,204.0,False,False,False,0.0049019607843137,COc1cccc2cccn12,0.1794871794871795,True,binned_cosine_1Da,2149.747669696808,shard_056_060,results/harmonized_sota_candidate_reruns_v1/iceberg/shard_056_060/casmi2022_iceberg_harmonized_query_results.csv,True
61,CASMI2022,iceberg,completed,88,88,227,[M+H]+,489.123474121094,30,CASMI_MOL_1196877,full_query_candidate_set,6054,6054,0,0,192.0,False,False,False,0.0052083333333333,COC(=O)c1ccc(C2CC2)c(S(=O)(=O)Nc2cc(C#N)c(Cl)cc2OC(C)C2CCC2)c1,0.0961538461538461,False,binned_cosine_1Da,9706.490409612656,shard_061_065,results/harmonized_sota_candidate_reruns_v1/iceberg/shard_061_065/casmi2022_iceberg_harmonized_query_results.csv,True
62,CASMI2022,iceberg,partial_prediction_failures,89,89,228,[M+H]+,251.163883088621,30,CASMI_MOL_1196805,full_query_candidate_set,9564,9563,1,1,38.0,False,False,False,0.0263157894736842,CC1CCCC2(C)C(=O)C(=CC(=O)O)CCC12C,0.1343283582089552,True,binned_cosine_1Da,13534.26892876625,shard_061_065,results/harmonized_sota_candidate_reruns_v1/iceberg/shard_061_065/casmi2022_iceberg_harmonized_query_results.csv,True
63,CASMI2022,iceberg,completed,90,90,229,[M+H]+,337.273519236211,30,CASMI_MOL_1196878,full_query_candidate_set,1959,1959,0,0,1092.0,False,False,False,0.0009157509157509,CCCC1C(C)C2=CCCCC2C(COC2(C)COC2O)C1CC,0.1294117647058823,True,binned_cosine_1Da,2448.152709007263,shard_061_065,results/harmonized_sota_candidate_reruns_v1/iceberg/shard_061_065/casmi2022_iceberg_harmonized_query_results.csv,True
64,CASMI2022,iceberg,partial_prediction_failures,93,93,237,[M+H]+,278.117219218254,30,CASMI_MOL_1196881,full_query_candidate_set,9460,9456,4,4,3.0,False,True,True,0.3333333333333333,Cc1ccccc1NC(=O)c1cc(O)c2ccccc2c1,0.5952380952380952,True,binned_cosine_1Da,12478.359553813934,shard_061_065,results/harmonized_sota_candidate_reruns_v1/iceberg/shard_061_065/casmi2022_iceberg_harmonized_query_results.csv,True
65,CASMI2022,iceberg,completed,94,94,238,[M+H]+,531.4400905022,30,CASMI_MOL_1196882,full_query_candidate_set,347,347,0,0,4.0,False,True,True,0.25,CCCCCCCCCC(CC)COC(=O)c1ccccc1C(=O)OCC(CC)CCCCCCCCC,0.6052631578947368,True,binned_cosine_1Da,606.4556901454926,shard_091_095,results/harmonized_sota_candidate_reruns_v1/iceberg/shard_091_095/casmi2022_iceberg_harmonized_query_results.csv,True
66,CASMI2022,iceberg,completed,95,95,243,[M+H]+,589.299949560662,30,CASMI_MOL_1196883,full_query_candidate_set,1877,1877,0,0,12.0,False,False,False,0.0833333333333333,C=CCOc1ccc(C(c2ccc(CCC3CO3)cc2)C(c2ccc(OCC=C)cc2)c2ccc(OCC3CO3)cc2)cc1,0.0747663551401869,False,binned_cosine_1Da,3939.976572751999,shard_091_095,results/harmonized_sota_candidate_reruns_v1/iceberg/shard_091_095/casmi2022_iceberg_harmonized_query_results.csv,True
67,CASMI2022,iceberg,completed,96,96,244,[M+H]+,421.2579102945,30,CASMI_MOL_1196884,full_query_candidate_set,6683,6683,0,0,70.0,False,False,False,0.0142857142857142,CC(=O)OCCC1(C)C2=C(CCC1C)C1(C)C(OC(C)=O)CCC(C)(O)C1C(=O)C2,0.2692307692307692,True,binned_cosine_1Da,10130.034633636476,shard_066_070,results/harmonized_sota_candidate_reruns_v1/iceberg/shard_066_070/casmi2022_iceberg_harmonized_query_results.csv,True
68,CASMI2022,iceberg,partial_prediction_failures,98,98,248,[M+H]+,453.238635252155,30,CASMI_MOL_1196886,full_query_candidate_set,9270,9269,1,1,737.0,False,False,False,0.0013568521031207,CN(C)c1nc2sc3c(NCCCN4CCCC4=O)ncnc3c2c2c1CCC(C)(C)C2,0.1089108910891089,False,binned_cosine_1Da,17458.18430829048,shard_066_070,results/harmonized_sota_candidate_reruns_v1/iceberg/shard_066_070/casmi2022_iceberg_harmonized_query_results.csv,True
69,CASMI2022,iceberg,completed,99,99,253,[M+H]+,455.1485326536,30,CASMI_MOL_1196887,full_query_candidate_set,6863,6863,0,0,21.0,False,False,False,0.0476190476190476,Oc1ccc(CC2=C(c3cc(O)cc(O)c3)C(c3ccc(O)cc3)c3c(O)cc(O)cc32)cc1,0.3703703703703703,True,binned_cosine_1Da,11232.43553328514,shard_066_070,results/harmonized_sota_candidate_reruns_v1/iceberg/shard_066_070/casmi2022_iceberg_harmonized_query_results.csv,True
70,CASMI2022,iceberg,completed,100,100,254,[M+H]+,329.231892370686,30,CASMI_MOL_1196888,full_query_candidate_set,6530,6530,0,0,23.0,False,False,False,0.0434782608695652,CCCCCC=CCC(C=CCCCCCC(O)C(=O)O)OO,0.3050847457627119,True,binned_cosine_1Da,8272.439951896667,shard_066_070,results/harmonized_sota_candidate_reruns_v1/iceberg/shard_066_070/casmi2022_iceberg_harmonized_query_results.csv,True
71,CASMI2022,iceberg,completed,101,101,255,[M+H]+,265.106995360766,30,CASMI_MOL_1196890,full_query_candidate_set,7839,7839,0,0,962.0,False,False,False,0.001039501039501,Cc1ncnc(-n2nc(C)c(CC(=O)O)c2C)c1F,0.1323529411764706,False,binned_cosine_1Da,9077.454394817352,shard_071_075,results/harmonized_sota_candidate_reruns_v1/iceberg/shard_071_075/casmi2022_iceberg_harmonized_query_results.csv,True
72,CASMI2022,iceberg,completed,102,102,256,[M+H]+,403.232045400965,30,CASMI_MOL_1196891,full_query_candidate_set,4859,4859,0,0,727.0,False,False,False,0.0013755158184319,CC(C)(C)C(=O)OCCOC(=O)CCCCC(=O)OCCOC(=O)C(C)(C)C,0.3947368421052631,True,binned_cosine_1Da,7998.789328336716,shard_071_075,results/harmonized_sota_candidate_reruns_v1/iceberg/shard_071_075/casmi2022_iceberg_harmonized_query_results.csv,True
73,CASMI2022,iceberg,completed,104,104,264,[M+H]+,249.078750610352,30,CASMI_MOL_1196893,full_query_candidate_set,8559,8559,0,0,79.0,False,False,False,0.0126582278481012,CC(N)C(=O)Nc1nc(-c2ccccn2)cs1,0.0985915492957746,False,binned_cosine_1Da,10070.69924235344,shard_071_075,results/harmonized_sota_candidate_reruns_v1/iceberg/shard_071_075/casmi2022_iceberg_harmonized_query_results.csv,True
74,CASMI2022,iceberg,completed,105,105,268,[M+H]+,361.200375071837,30,CASMI_MOL_1196894,full_query_candidate_set,9237,9237,0,0,95.0,False,False,False,0.0105263157894736,COc1cc(C=CC(=O)OCO)ccc1OCC=C(C)CCC=C(C)C,0.2307692307692307,True,binned_cosine_1Da,13319.067069768906,shard_071_075,results/harmonized_sota_candidate_reruns_v1/iceberg/shard_071_075/casmi2022_iceberg_harmonized_query_results.csv,True
75,CASMI2022,iceberg,completed,106,106,269,[M+H]+,297.107910928399,30,CASMI_MOL_1196895,full_query_candidate_set,9491,9491,0,0,55.0,False,False,False,0.0181818181818181,COCCN(CC(=O)O)C(=O)Cc1cccc([N+](=O)[O-])c1,0.2,True,binned_cosine_1Da,11496.255501508713,shard_071_075,results/harmonized_sota_candidate_reruns_v1/iceberg/shard_071_075/casmi2022_iceberg_harmonized_query_results.csv,True
76,CASMI2022,iceberg,completed,107,107,270,[M+H]+,317.210886689853,30,CASMI_MOL_1196896,full_query_candidate_set,8301,8301,0,0,781.0,False,False,False,0.0012804097311139,CC(C)(O)c1ccc2c(c1)C(=O)CC1C(C)(CO)CCCC21C,0.1688311688311688,True,binned_cosine_1Da,10639.835668563845,shard_076_080,results/harmonized_sota_candidate_reruns_v1/iceberg/shard_076_080/casmi2022_iceberg_harmonized_query_results.csv,True
77,CASMI2022,iceberg,partial_prediction_failures,108,108,271,[M+H]+,211.143956950586,30,CASMI_MOL_1196899,full_query_candidate_set,9739,9738,1,1,96.0,False,False,False,0.0104166666666666,O=CC1(NC(=O)C2CCCN2)CCCC1,0.1052631578947368,True,binned_cosine_1Da,12326.684304714205,shard_076_080,results/harmonized_sota_candidate_reruns_v1/iceberg/shard_076_080/casmi2022_iceberg_harmonized_query_results.csv,True
78,CASMI2022,iceberg,completed,109,109,272,[M+H]+,465.102494314505,30,CASMI_MOL_1196900,full_query_candidate_set,4864,4864,0,0,334.0,False,False,False,0.0029940119760479,O=c1c(O)c(-c2ccc(O)cc2)oc2cc(O)c(OC3OC(CO)C(O)C(O)C3O)c(O)c12,0.582089552238806,True,binned_cosine_1Da,7864.03798866272,shard_076_080,results/harmonized_sota_candidate_reruns_v1/iceberg/shard_076_080/casmi2022_iceberg_harmonized_query_results.csv,True
79,CASMI2022,iceberg,partial_prediction_failures,111,111,278,[M+H]+,173.091842651367,30,CASMI_MOL_1196902,full_query_candidate_set,2744,2741,3,3,8.0,False,False,True,0.125,O=C(O)CNC(=O)C1CCNC1,0.5,True,binned_cosine_1Da,2773.6630988121037,shard_076_080,results/harmonized_sota_candidate_reruns_v1/iceberg/shard_076_080/casmi2022_iceberg_harmonized_query_results.csv,True
80,CASMI2022,iceberg,completed,112,112,281,[M+H]+,275.127474208511,30,CASMI_MOL_1196903,full_query_candidate_set,9092,9092,0,0,6.0,False,False,True,0.1666666666666666,C=CC(=O)C=CC(C)C(=O)OCCc1ccc(O)cc1,0.1864406779661017,True,binned_cosine_1Da,11017.011822462082,shard_076_080,results/harmonized_sota_candidate_reruns_v1/iceberg/shard_076_080/casmi2022_iceberg_harmonized_query_results.csv,True
81,CASMI2022,iceberg,completed,113,113,282,[M+H]+,384.237576499794,30,CASMI_MOL_1196905,full_query_candidate_set,7164,7164,0,0,2.0,False,True,True,0.5,CCCCC(O)CC=CCC=CCCCC(=O)NC(CCC(=O)O)C(=O)O,1.0,True,binned_cosine_1Da,9931.13798213005,shard_081_085,results/harmonized_sota_candidate_reruns_v1/iceberg/shard_081_085/casmi2022_iceberg_harmonized_query_results.csv,True
82,CASMI2022,iceberg,completed,114,114,283,[M+H]+,773.212341308594,30,CASMI_MOL_1196906,full_query_candidate_set,689,689,0,0,46.0,False,False,False,0.0217391304347826,CC1OC(Oc2cc(O)c3c(=O)c(OC4OC(CO)C(O)C(O)C4OC4OC(CO)C(O)C(O)C4O)c(-c4ccc(O)c(O)c4)oc3c2)C(O)C(O)C1O,1.0,True,binned_cosine_1Da,1753.6497447490692,shard_081_085,results/harmonized_sota_candidate_reruns_v1/iceberg/shard_081_085/casmi2022_iceberg_harmonized_query_results.csv,True
83,CASMI2022,iceberg,completed,115,115,284,[M+H]+,487.341135509272,30,CASMI_MOL_1196907,full_query_candidate_set,1876,1876,0,0,477.0,False,False,False,0.0020964360587002,CC(C)(O)C=CC(=O)C(C)(O)C1C(O)CC2(C)C3CC=C4C(CCC(=O)C4(C)C)C3(C)CCC12C,0.1935483870967742,True,binned_cosine_1Da,4222.3033084869385,shard_081_085,results/harmonized_sota_candidate_reruns_v1/iceberg/shard_081_085/casmi2022_iceberg_harmonized_query_results.csv,True
84,CASMI2022,iceberg,completed,116,116,285,[M+H]+,227.117682198429,30,CASMI_MOL_1196909,full_query_candidate_set,9725,9725,0,0,36.0,False,False,False,0.0277777777777777,COc1ccc2cc(C3=NCCN3)ccc2c1,0.2830188679245283,True,binned_cosine_1Da,11344.5453248024,shard_081_085,results/harmonized_sota_candidate_reruns_v1/iceberg/shard_081_085/casmi2022_iceberg_harmonized_query_results.csv,True
85,CASMI2022,iceberg,partial_prediction_failures,119,119,291,[M+H]+,277.133189720886,30,CASMI_MOL_1196912,full_query_candidate_set,9424,9422,2,2,317.0,False,False,False,0.0031545741324921,COc1ccc(CNc2cc(OC)c(F)cc2N)cc1,0.0757575757575757,False,binned_cosine_1Da,13224.925453662872,shard_081_085,results/harmonized_sota_candidate_reruns_v1/iceberg/shard_081_085/casmi2022_iceberg_harmonized_query_results.csv,True
86,CASMI2022,iceberg,completed,120,120,293,[M+H]+,235.16901312256,30,CASMI_MOL_1196913,full_query_candidate_set,9633,9633,0,0,936.0,False,False,False,0.001068376068376,CC(C)=CC1(C)CC2=C(CC(C)(C)CC2=O)O1,0.135593220338983,True,binned_cosine_1Da,10327.421917438509,shard_086_090,results/harmonized_sota_candidate_reruns_v1/iceberg/shard_086_090/casmi2022_iceberg_harmonized_query_results.csv,True
87,CASMI2022,iceberg,completed,121,121,294,[M+H]+,311.148594834163,30,CASMI_MOL_1196918,full_query_candidate_set,9371,9371,0,0,683.0,False,False,False,0.0014641288433382,CCOC(=O)C(C)=CC=CC(C)=CC(OC(C)=O)OC(C)=O,0.1408450704225352,True,binned_cosine_1Da,13992.062563419342,shard_086_090,results/harmonized_sota_candidate_reruns_v1/iceberg/shard_086_090/casmi2022_iceberg_harmonized_query_results.csv,True
88,CASMI2022,iceberg,partial_prediction_failures,122,122,295,[M+H]+,516.258822820097,30,CASMI_MOL_1196919,full_query_candidate_set,3108,3107,1,1,99.0,False,False,False,0.0101010101010101,COc1cc(C(=O)N(C)c2ccc(C)cc2OCCCCN)ccc1NC(=O)c1cccc2[nH]c(C)nc12,0.0873015873015873,False,binned_cosine_1Da,6717.898485660553,shard_086_090,results/harmonized_sota_candidate_reruns_v1/iceberg/shard_086_090/casmi2022_iceberg_harmonized_query_results.csv,True
89,CASMI2022,iceberg,completed,123,123,296,[M+H]+,287.05477511929,30,CASMI_MOL_1196920,full_query_candidate_set,2103,2103,0,0,49.0,False,False,False,0.0204081632653061,NNC(c1ccccc1F)c1cc(F)c(Cl)cc1F,0.0952380952380952,False,binned_cosine_1Da,2782.1375851631165,shard_086_090,results/harmonized_sota_candidate_reruns_v1/iceberg/shard_086_090/casmi2022_iceberg_harmonized_query_results.csv,True
90,CASMI2022,iceberg,partial_prediction_failures,126,126,303,[M+H]+,293.164467938574,30,CASMI_MOL_1196923,full_query_candidate_set,9036,9033,3,3,129.0,False,False,False,0.0077519379844961,CCCNC(c1ccccc1)c1ccc2cccnc2c1O,0.1617647058823529,True,binned_cosine_1Da,13125.116258382795,shard_086_090,results/harmonized_sota_candidate_reruns_v1/iceberg/shard_086_090/casmi2022_iceberg_harmonized_query_results.csv,True
91,CASMI2022,iceberg,completed,127,127,306,[M+H]+,485.325432421438,30,CASMI_MOL_1196924,full_query_candidate_set,1657,1657,0,0,253.0,False,False,False,0.0039525691699604,CC=CCC=CCCC(=O)OCC(O)COC(=O)C=CCCC=CCC=CCC=CCC=CCC,0.053763440860215,True,binned_cosine_1Da,3789.7652266025534,shard_manifest_q127_131,results/harmonized_sota_candidate_reruns_v1/iceberg/shard_manifest_q127_131/casmi2022_iceberg_harmonized_query_results.csv,True
92,CASMI2022,iceberg,completed,128,128,307,[M+H]+,266.102037994695,30,CASMI_MOL_1196925,full_query_candidate_set,9700,9700,0,0,23.0,False,False,False,0.0434782608695652,CC(CC(=O)O)CC(=O)Nc1ccc(C(=O)O)cc1,0.2708333333333333,True,binned_cosine_1Da,12952.018033027647,shard_manifest_q127_131,results/harmonized_sota_candidate_reruns_v1/iceberg/shard_manifest_q127_131/casmi2022_iceberg_harmonized_query_results.csv,True
93,CASMI2022,iceberg,completed,129,129,308,[M+H]+,317.210865326987,30,CASMI_MOL_1196897,full_query_candidate_set,8301,8301,0,0,402.0,False,False,False,0.0024875621890547,C=CC1(C)C=C2C(=O)CC3C(C)(C(=O)O)CCCC3(C)C2CC1,0.2898550724637681,True,binned_cosine_1Da,10613.413484096527,shard_manifest_q127_131,results/harmonized_sota_candidate_reruns_v1/iceberg/shard_manifest_q127_131/casmi2022_iceberg_harmonized_query_results.csv,True
94,CASMI2022,iceberg,completed,130,130,309,[M+H]+,273.111899404508,30,CASMI_MOL_1196926,full_query_candidate_set,9113,9113,0,0,491.0,False,False,False,0.0020366598778004,CC(=O)Cc1cc2c(c3c1C=CC(C)(C)O3)COC2=O,0.0789473684210526,True,binned_cosine_1Da,11157.699653863909,shard_manifest_q127_131,results/harmonized_sota_candidate_reruns_v1/iceberg/shard_manifest_q127_131/casmi2022_iceberg_harmonized_query_results.csv,True
95,CASMI2022,iceberg,partial_prediction_failures,131,131,310,[M+H]+,226.143449486821,30,CASMI_MOL_1196928,full_query_candidate_set,9650,9394,256,256,5.0,False,True,True,0.2,NC(=O)CC1(CCCC(=O)O)C=CCCC1,0.3409090909090909,True,binned_cosine_1Da,10082.472926855087,shard_manifest_q127_131,results/harmonized_sota_candidate_reruns_v1/iceberg/shard_manifest_q127_131/casmi2022_iceberg_harmonized_query_results.csv,True
96,CASMI2022,iceberg,partial_prediction_failures,132,132,311,[M+H]+,343.190181065075,30,CASMI_MOL_1196929,full_query_candidate_set,9018,9016,2,2,129.0,False,False,False,0.0077519379844961,CCn1cc(CN2CCC3C2CC(=O)N3Cc2ccc(F)cc2)cn1,0.1235955056179775,False,binned_cosine_1Da,14105.037382364271,shard_096_100,results/harmonized_sota_candidate_reruns_v1/iceberg/shard_096_100/casmi2022_iceberg_harmonized_query_results.csv,True
97,CASMI2022,iceberg,completed,135,135,315,[M+H]+,352.237811279235,30,CASMI_MOL_1196933,full_query_candidate_set,6577,6577,0,0,47.0,False,False,False,0.0212765957446808,CC(C)C(C)c1cc(C(C)C(C)C)c(O)c(-n2nc3ccccc3n2)c1,0.42,True,binned_cosine_1Da,10337.2025475502,shard_096_100,results/harmonized_sota_candidate_reruns_v1/iceberg/shard_096_100/casmi2022_iceberg_harmonized_query_results.csv,True
98,CASMI2022,iceberg,completed,136,136,316,[M+H]+,273.205748250264,30,CASMI_MOL_1196934,full_query_candidate_set,9626,9626,0,0,814.0,False,False,False,0.0012285012285012,CC(C)(C)OCCCC(CC(=O)O)C(=O)C(C)(C)C,0.1228070175438596,True,binned_cosine_1Da,11502.543216705322,shard_096_100,results/harmonized_sota_candidate_reruns_v1/iceberg/shard_096_100/casmi2022_iceberg_harmonized_query_results.csv,True
99,CASMI2022,iceberg,completed,137,137,317,[M+H]+,413.159051409611,30,CASMI_MOL_1196935,full_query_candidate_set,8774,8774,0,0,1145.0,False,False,False,0.0008733624454148,CC(C)(C)OC(=O)NCCN(CC(=O)O)C(=O)Cn1cnc2c(=O)[nH]c(F)nc21,0.0841121495327102,False,binned_cosine_1Da,13418.878688812256,shard_096_100,results/harmonized_sota_candidate_reruns_v1/iceberg/shard_096_100/casmi2022_iceberg_harmonized_query_results.csv,True
100,CASMI2022,iceberg,completed,138,138,318,[M+H]+,387.179762289554,30,CASMI_MOL_1196936,full_query_candidate_set,8939,8939,0,0,992.0,False,False,False,0.001008064516129,COc1cc(OCC2COC(C)(C)O2)cc(OC)c1-c1cccc(C=O)c1C,0.175,True,binned_cosine_1Da,12906.519659996033,shard_096_100,results/harmonized_sota_candidate_reruns_v1/iceberg/shard_096_100/casmi2022_iceberg_harmonized_query_results.csv,True
101,CASMI2022,iceberg,completed,139,139,319,[M+H]+,903.254552637546,30,CASMI_MOL_1196937,full_query_candidate_set,631,631,0,0,29.0,False,False,False,0.0344827586206896,CC1OC(Oc2cc(O)c3c(=O)c(OC4OC(CO)C(O)C(O)C4OC4OC(COC(=O)C=Cc5ccc(O)cc5)C(O)C(O)C4O)c(-c4ccc(O)cc4)oc3c2)C(O)C(O)C1O,0.8705882352941177,True,binned_cosine_1Da,1832.9975152015688,shard_101_105,results/harmonized_sota_candidate_reruns_v1/iceberg/shard_101_105/casmi2022_iceberg_harmonized_query_results.csv,True
102,CASMI2022,iceberg,completed,140,140,320,[M+H]+,275.163851548862,30,CASMI_MOL_1196939,full_query_candidate_set,9134,9134,0,0,5.0,False,True,True,0.2,COc1ccc(O)cc1OC1CC2CC1C1CCCC21,0.0857142857142857,True,binned_cosine_1Da,10842.043369531631,shard_101_105,results/harmonized_sota_candidate_reruns_v1/iceberg/shard_101_105/casmi2022_iceberg_harmonized_query_results.csv,True
103,CASMI2022,iceberg,completed,142,142,329,[M+H]+,371.148665955677,30,CASMI_MOL_1196942,full_query_candidate_set,9236,9236,0,0,72.0,False,False,False,0.0138888888888888,COc1cccc2c(O)c3c(c(O)c12)C(=O)C1CCC(C(C)=O)CC1C3O,0.1891891891891892,True,binned_cosine_1Da,14569.171004533768,shard_101_105,results/harmonized_sota_candidate_reruns_v1/iceberg/shard_101_105/casmi2022_iceberg_harmonized_query_results.csv,True
104,CASMI2022,iceberg,partial_prediction_failures,143,143,330,[M+H]+,377.159048235277,30,CASMI_MOL_1196943,full_query_candidate_set,8691,8690,1,1,5.0,False,True,True,0.2,CC=C(C)C(=O)OC(C(O)c1cc2ccc(=O)oc2cc1OC)C(C)(C)O,1.0,True,binned_cosine_1Da,13829.858646154404,shard_101_105,results/harmonized_sota_candidate_reruns_v1/iceberg/shard_101_105/casmi2022_iceberg_harmonized_query_results.csv,True
105,CASMI2022,iceberg,completed,144,144,331,[M+H]+,281.138108031761,30,CASMI_MOL_1196944,full_query_candidate_set,9540,9540,0,0,53.0,False,False,False,0.0188679245283018,CCOC(=O)C(Cc1cccc(O)c1)(C(=O)O)C(C)C,0.136986301369863,True,binned_cosine_1Da,11847.649165391922,shard_101_105,results/harmonized_sota_candidate_reruns_v1/iceberg/shard_101_105/casmi2022_iceberg_harmonized_query_results.csv,True
106,CASMI2022,iceberg,completed,145,145,332,[M+H]+,903.254591557378,30,CASMI_MOL_1196938,full_query_candidate_set,316,316,0,0,84.0,False,False,False,0.0119047619047619,CC1OC(Oc2cc(O)c3c(=O)c(OC4OC(CO)C(O)C(O)C4OC4OC(COC(=O)C=Cc5ccc(O)cc5)C(O)C(O)C4O)c(-c4ccc(O)cc4)oc3c2)C(O)C(O)C1O,1.0,True,binned_cosine_1Da,925.5368769168854,shard_106_110,results/harmonized_sota_candidate_reruns_v1/iceberg/shard_106_110/casmi2022_iceberg_harmonized_query_results.csv,True
107,CASMI2022,iceberg,partial_prediction_failures,146,146,333,[M+H]+,659.305358886719,30,CASMI_MOL_1196945,full_query_candidate_set,1277,1276,1,1,958.0,False,False,False,0.0010438413361169,COC1OC(C(COC(c2ccccc2)(c2ccccc2)c2ccccc2)OCc2ccccc2)C2(OCc3ccccc3)C(CO)OC12,0.0789473684210526,False,binned_cosine_1Da,3908.476368188858,shard_106_110,results/harmonized_sota_candidate_reruns_v1/iceberg/shard_106_110/casmi2022_iceberg_harmonized_query_results.csv,True
108,CASMI2022,iceberg,completed,147,147,334,[M+H]+,417.247928865327,30,CASMI_MOL_1196946,full_query_candidate_set,4034,4034,0,0,251.0,False,False,False,0.0039840637450199,CC(C)C1=CC2(O)C(C)C(OC3OC(CO)C(O)C(O)C3O)CCC2(C)C(O)C1,0.3209876543209876,True,binned_cosine_1Da,5854.131800413132,shard_106_110,results/harmonized_sota_candidate_reruns_v1/iceberg/shard_106_110/casmi2022_iceberg_harmonized_query_results.csv,True
109,CASMI2022,iceberg,partial_prediction_failures,149,149,339,[M+H]+,369.132758072946,30,CASMI_MOL_1196948,full_query_candidate_set,9235,9234,1,1,34.0,False,False,False,0.0294117647058823,COc1ccc(-c2coc3cc(O)c(CC=C(C)C)c(O)c3c2=O)c(O)c1,0.484375,True,binned_cosine_1Da,15774.9775493145,shard_106_110,results/harmonized_sota_candidate_reruns_v1/iceberg/shard_106_110/casmi2022_iceberg_harmonized_query_results.csv,True
110,CASMI2022,iceberg,completed,150,150,341,[M+H]+,379.245232516541,30,CASMI_MOL_1196949,full_query_candidate_set,7703,7703,0,0,6427.0,False,False,False,0.0001555935895441,CC1CCN(C(=O)c2cc(N3CCC(C)CC3)nc(-c3ccccc3)n2)CC1,0.1071428571428571,False,binned_cosine_1Da,11253.94045138359,shard_106_110,results/harmonized_sota_candidate_reruns_v1/iceberg/shard_106_110/casmi2022_iceberg_harmonized_query_results.csv,True
111,CASMI2022,iceberg,partial_prediction_failures,151,151,342,[M+H]+,223.059992250151,30,CASMI_MOL_1196950,full_query_candidate_set,1793,1785,8,8,830.0,False,False,False,0.0012048192771084,COc1cc2ccc(=O)oc2c(O)c1OC,0.1636363636363636,True,binned_cosine_1Da,2638.879953145981,shard_111_115,results/harmonized_sota_candidate_reruns_v1/iceberg/shard_111_115/casmi2022_iceberg_harmonized_query_results.csv,True
112,CASMI2022,iceberg,partial_prediction_failures,155,155,352,[M+H]+,383.178221106453,30,CASMI_MOL_1196954,full_query_candidate_set,9273,9272,1,1,120.0,False,False,False,0.0083333333333333,Cc1cccc(S(=O)(=O)C2(F)CCC(NC(=O)C3CCCCN3)CC2)c1,0.1818181818181818,False,binned_cosine_1Da,15321.7839114666,shard_111_115,results/harmonized_sota_candidate_reruns_v1/iceberg/shard_111_115/casmi2022_iceberg_harmonized_query_results.csv,True
113,CASMI2022,iceberg,partial_prediction_failures,156,156,356,[M+H]+,331.175020785177,30,CASMI_MOL_1196955,full_query_candidate_set,8995,8994,1,1,417.0,False,False,False,0.0023980815347721,Cn1ccnc1C(=O)NC1CN(Cc2ccco2)C2CCCOC12,0.0898876404494382,False,binned_cosine_1Da,12961.790103912354,shard_111_115,results/harmonized_sota_candidate_reruns_v1/iceberg/shard_111_115/casmi2022_iceberg_harmonized_query_results.csv,True
114,CASMI2022,iceberg,completed,157,157,357,[M+H]+,243.101852416992,30,CASMI_MOL_1196956,full_query_candidate_set,6956,6956,0,0,15.0,False,False,False,0.0666666666666666,CC(CSc1nc(N)cc(N)n1)C(=O)NN,0.0862068965517241,False,binned_cosine_1Da,8056.590892791748,shard_111_115,results/harmonized_sota_candidate_reruns_v1/iceberg/shard_111_115/casmi2022_iceberg_harmonized_query_results.csv,True
115,CASMI2022,iceberg,completed,158,158,358,[M+H]+,500.26370961297,30,CASMI_MOL_1196958,full_query_candidate_set,3729,3729,0,0,27.0,False,False,False,0.037037037037037,C=CCOC1C(OCc2cccc(F)c2)CN(CC=C)CC(OCc2cccc(F)c2)C1OCC=C,0.0849056603773584,False,binned_cosine_1Da,6475.426484107971,shard_111_115,results/harmonized_sota_candidate_reruns_v1/iceberg/shard_111_115/casmi2022_iceberg_harmonized_query_results.csv,True
116,CASMI2022,iceberg,completed,159,159,359,[M+H]+,235.169138407502,30,CASMI_MOL_1196914,full_query_candidate_set,9633,9633,0,0,4.0,False,True,True,0.25,CC1=CCC(=CCC(=O)O)CCC(C)=CCC1,0.1551724137931034,True,binned_cosine_1Da,10320.491694450378,shard_116_120,results/harmonized_sota_candidate_reruns_v1/iceberg/shard_116_120/casmi2022_iceberg_harmonized_query_results.csv,True
117,CASMI2022,iceberg,completed,163,163,366,[M+H]+,778.412071426478,30,CASMI_MOL_1196962,full_query_candidate_set,361,361,0,0,25.0,False,False,False,0.04,COC(=O)C(CCCCNC(=O)OC(C)(C)C)NC(=O)C(CCC(=O)NC(c1ccccc1)(c1ccccc1)c1ccccc1)NC(=O)C(N)Cc1ccccc1,0.096,False,binned_cosine_1Da,937.5364530086516,shard_116_120,results/harmonized_sota_candidate_reruns_v1/iceberg/shard_116_120/casmi2022_iceberg_harmonized_query_results.csv,True
118,CASMI2022,iceberg,partial_prediction_failures,164,164,367,[M+H]+,319.174937465293,30,CASMI_MOL_1196963,full_query_candidate_set,9014,9013,1,1,2.0,False,True,True,0.5,CCC(C)=CC=CCC(=O)OCC(O)C(O)C(O)C(O)CO,1.0,True,binned_cosine_1Da,14057.106333255768,shard_116_120,results/harmonized_sota_candidate_reruns_v1/iceberg/shard_116_120/casmi2022_iceberg_harmonized_query_results.csv,True
119,CASMI2022,iceberg,completed,165,165,368,[M+H]+,903.254435229549,30,CASMI_MOL_1196937,full_query_candidate_set,631,631,0,0,63.0,False,False,False,0.0158730158730158,CC1OC(Oc2cc(O)c3c(=O)c(OC4OC(CO)C(O)C(O)C4OC4OC(COC(=O)C=Cc5ccc(O)cc5)C(O)C(O)C4O)c(-c4ccc(O)cc4)oc3c2)C(O)C(O)C1O,0.8705882352941177,True,binned_cosine_1Da,1842.8172359466555,shard_116_120,results/harmonized_sota_candidate_reruns_v1/iceberg/shard_116_120/casmi2022_iceberg_harmonized_query_results.csv,True
120,CASMI2022,iceberg,completed,166,166,369,[M+H]+,197.117068765905,30,CASMI_MOL_1196964,full_query_candidate_set,6879,6879,0,0,86.0,False,False,False,0.0116279069767441,O=C(O)C1CCC(=O)C12CCCCC2,0.1702127659574468,True,binned_cosine_1Da,5941.168781042099,shard_166_170,results/harmonized_sota_candidate_reruns_v1/iceberg/shard_166_170/casmi2022_iceberg_harmonized_query_results.csv,True
121,CASMI2022,iceberg,completed,169,169,377,[M+H]+,586.21728515625,30,CASMI_MOL_1196967,full_query_candidate_set,4670,4670,0,0,33.0,False,False,False,0.0303030303030303,CC(C)(O)c1cccc(CCC(SCC2(CC(=O)O)CC2)c2ccccc2C=Cc2ccc3ccc(Cl)cc3n2)c1,0.6363636363636364,True,binned_cosine_1Da,9180.259550333025,shard_166_170,results/harmonized_sota_candidate_reruns_v1/iceberg/shard_166_170/casmi2022_iceberg_harmonized_query_results.csv,True
122,CASMI2022,iceberg,completed,170,170,381,[M+H]+,317.210941458283,30,CASMI_MOL_1196898,full_query_candidate_set,8301,8301,0,0,1988.0,False,False,False,0.0005030181086519,C#CCCCC=CCC(O)C=CC=CCC=CCCCC(=O)O,0.024390243902439,True,binned_cosine_1Da,10481.941764354706,shard_166_170,results/harmonized_sota_candidate_reruns_v1/iceberg/shard_166_170/casmi2022_iceberg_harmonized_query_results.csv,True
123,CASMI2022,iceberg,completed,171,171,382,[M+H]+,647.232372764582,30,CASMI_MOL_1196968,full_query_candidate_set,1728,1728,0,0,15.0,False,False,False,0.0666666666666666,COc1ccc(-c2oc3c(CC=C(C)C)c(O)cc(O)c3c(=O)c2OC2OCC(O)C(O)C2OC2OC(C)C(O)C(O)C2O)cc1,0.9090909090909092,True,binned_cosine_1Da,3859.2490520477295,shard_121_125,results/harmonized_sota_candidate_reruns_v1/iceberg/shard_121_125/casmi2022_iceberg_harmonized_query_results.csv,True
124,CASMI2022,iceberg,completed,172,172,383,[M+H]+,337.273350277786,30,CASMI_MOL_1196879,full_query_candidate_set,1959,1959,0,0,372.0,False,False,False,0.0026881720430107,CCCCCC(C)(O)C=CC1CCCC1CC=CCCCC(=O)O,0.119047619047619,True,binned_cosine_1Da,2449.6875035762787,shard_121_125,results/harmonized_sota_candidate_reruns_v1/iceberg/shard_121_125/casmi2022_iceberg_harmonized_query_results.csv,True
125,CASMI2022,iceberg,completed,173,173,384,[M+H]+,417.138772181597,30,CASMI_MOL_1196969,full_query_candidate_set,8918,8918,0,0,2.0,False,True,True,0.5,C=CC1C(OC2OC(COC(C)=O)C(O)C(O)C2O)OC=C2C(=O)OCCC21O,1.0,True,binned_cosine_1Da,13868.945900678636,shard_121_125,results/harmonized_sota_candidate_reruns_v1/iceberg/shard_121_125/casmi2022_iceberg_harmonized_query_results.csv,True
126,CASMI2022,iceberg,completed,176,176,390,[M+H]+,611.196249141132,30,CASMI_MOL_1196972,full_query_candidate_set,2390,2390,0,0,207.0,False,False,False,0.0048309178743961,COc1cc(C2CC(=O)c3c(O)cc(OC4OC(CO)C(O)C(O)C4OC4OC(C)C(O)C(O)C4O)cc3O2)ccc1O,0.6790123456790124,True,binned_cosine_1Da,4891.121729850769,shard_126_130,results/harmonized_sota_candidate_reruns_v1/iceberg/shard_126_130/casmi2022_iceberg_harmonized_query_results.csv,True
127,CASMI2022,iceberg,partial_prediction_failures,177,177,391,[M+H]+,813.264282226563,30,CASMI_MOL_1196973,full_query_candidate_set,336,334,2,2,14.0,False,False,False,0.0714285714285714,CN(C)CCC(CSc1ccccc1)Nc1cc(S(=O)(=O)NC(=O)c2ccc(N3CCN(Cc4ccccc4-c4ccc(Cl)cc4)CC3)cc2)ccc1[N+](=O)[O-],0.912087912087912,True,binned_cosine_1Da,2231.546416759491,shard_126_130,results/harmonized_sota_candidate_reruns_v1/iceberg/shard_126_130/casmi2022_iceberg_harmonized_query_results.csv,True
128,CASMI2022,iceberg,partial_prediction_failures,178,178,395,[M+H]+,369.230865478516,30,CASMI_MOL_1196974,full_query_candidate_set,2608,2607,1,1,154.0,False,False,False,0.0064935064935064,CC1(C)C(c2ccccc2)=C2CC3N4C(=C(c5ccccc5)C3(C)C)CC1N24,0.0704225352112676,True,binned_cosine_1Da,4303.613475322723,shard_126_130,results/harmonized_sota_candidate_reruns_v1/iceberg/shard_126_130/casmi2022_iceberg_harmonized_query_results.csv,True
129,CASMI2022,iceberg,partial_prediction_failures,179,179,396,[M+H]+,417.201470595733,30,CASMI_MOL_1196975,full_query_candidate_set,8960,8959,1,1,17.0,False,False,False,0.0588235294117647,CC(C)c1ccc2c(-c3cn(-c4ccc(C(=O)N5CCOCC5)cc4)nn3)[nH]nc2c1,0.1018518518518518,False,binned_cosine_1Da,16188.69207382202,shard_126_130,results/harmonized_sota_candidate_reruns_v1/iceberg/shard_126_130/casmi2022_iceberg_harmonized_query_results.csv,True
130,CASMI2022,iceberg,completed,180,180,397,[M+H]+,491.226984056055,30,CASMI_MOL_1196976,full_query_candidate_set,6387,6387,0,0,33.0,False,False,False,0.0303030303030303,COc1c2c(c(C)c3c1C(=O)OC3)OC1(C)CC(O)C34OC(OC)(OC3(C)C)C(O)CC4(C)C1C2,0.6447368421052632,True,binned_cosine_1Da,11388.29368519783,shard_126_130,results/harmonized_sota_candidate_reruns_v1/iceberg/shard_126_130/casmi2022_iceberg_harmonized_query_results.csv,True
131,CASMI2022,iceberg,completed,181,181,398,[M+H]+,235.169064683683,30,CASMI_MOL_1196915,full_query_candidate_set,9633,9633,0,0,114.0,False,False,False,0.0087719298245614,O=C(O)C12CC3CC(C1)C1CCCCC1(C3)C2,0.1929824561403508,True,binned_cosine_1Da,10279.093555927277,shard_131_135,results/harmonized_sota_candidate_reruns_v1/iceberg/shard_131_135/casmi2022_iceberg_harmonized_query_results.csv,True
132,CASMI2022,iceberg,completed,185,185,407,[M+H]+,193.085852176167,30,CASMI_MOL_1196979,full_query_candidate_set,6320,6320,0,0,3801.0,False,False,False,0.0002630886608787,COC(=O)CCC(F)CCC(=O)O,0.125,False,binned_cosine_1Da,6812.499249696732,shard_131_135,results/harmonized_sota_candidate_reruns_v1/iceberg/shard_131_135/casmi2022_iceberg_harmonized_query_results.csv,True
133,CASMI2022,iceberg,completed,186,186,408,[M+H]+,267.122505644981,30,CASMI_MOL_1196980,full_query_candidate_set,9661,9661,0,0,8.0,False,False,True,0.125,CCc1c(OC)cc(OC)c(C=CC(=O)OC)c1O,0.2545454545454545,True,binned_cosine_1Da,12210.55160856247,shard_131_135,results/harmonized_sota_candidate_reruns_v1/iceberg/shard_131_135/casmi2022_iceberg_harmonized_query_results.csv,True
134,CASMI2022,iceberg,completed,187,187,409,[M+H]+,403.138301404899,30,CASMI_MOL_1196981,full_query_candidate_set,8418,8418,0,0,1.0,True,True,True,1.0,COc1ccc(-c2oc3c(OC)c(OC)cc(OC)c3c(=O)c2OC)cc1OC,1.0,True,binned_cosine_1Da,12680.282756090164,shard_131_135,results/harmonized_sota_candidate_reruns_v1/iceberg/shard_131_135/casmi2022_iceberg_harmonized_query_results.csv,True
135,CASMI2022,iceberg,completed,188,188,410,[M+H]+,469.22139095747,30,CASMI_MOL_1196982,full_query_candidate_set,6643,6643,0,0,5787.0,False,False,False,0.000172801105927,[H]POC(C=CC1C(OP[H])CC(OP)C1CC=CCCCC(=O)OC)CCCCC,0.1052631578947368,False,binned_cosine_1Da,11287.220919132233,shard_131_135,results/harmonized_sota_candidate_reruns_v1/iceberg/shard_131_135/casmi2022_iceberg_harmonized_query_results.csv,True
136,CASMI2022,iceberg,completed,189,189,417,[M+H]+,368.217760698508,30,CASMI_MOL_1196983,full_query_candidate_set,3839,3839,0,0,73.0,False,False,False,0.0136986301369863,CC(C)C(N)C(=O)C1CCNC1C(=O)NC(C(C)C)C(O)C(F)(F)F,0.1126760563380281,False,binned_cosine_1Da,5206.192644119263,shard_136_140,results/harmonized_sota_candidate_reruns_v1/iceberg/shard_136_140/casmi2022_iceberg_harmonized_query_results.csv,True
137,CASMI2022,iceberg,completed,190,190,420,[M+H]+,275.163853197791,30,CASMI_MOL_1196940,full_query_candidate_set,9134,9134,0,0,120.0,False,False,False,0.0083333333333333,CC=CC=CCCCC=CCc1cc(=O)c(C)c(O)o1,0.2,True,binned_cosine_1Da,11664.697427511215,shard_136_140,results/harmonized_sota_candidate_reruns_v1/iceberg/shard_136_140/casmi2022_iceberg_harmonized_query_results.csv,True
138,CASMI2022,iceberg,completed,191,191,421,[M+H]+,487.341250778403,30,CASMI_MOL_1196908,full_query_candidate_set,1876,1876,0,0,937.0,False,False,False,0.0010672358591248,CCC=CCC=CCC=CCC=CCC=CCC=CCCC(=O)OC(CO)COC(=O)CCCC,0.0568181818181818,True,binned_cosine_1Da,3979.778769254685,shard_136_140,results/harmonized_sota_candidate_reruns_v1/iceberg/shard_136_140/casmi2022_iceberg_harmonized_query_results.csv,True
139,CASMI2022,iceberg,partial_prediction_failures,192,192,422,[M+H]+,661.39362166225,30,CASMI_MOL_1196984,full_query_candidate_set,735,729,6,6,123.0,False,False,False,0.008130081300813,CCC=CC=CC=CC=CC=CCCCC(=O)OC(COC(=O)CCCCC=CCC=CCC)COC1OC(CO)C(O)C(O)C1O,0.1031746031746031,True,binned_cosine_1Da,3102.402909517288,shard_136_140,results/harmonized_sota_candidate_reruns_v1/iceberg/shard_136_140/casmi2022_iceberg_harmonized_query_results.csv,True
140,CASMI2022,iceberg,completed,193,193,423,[M+H]+,441.226683930043,30,CASMI_MOL_1196985,full_query_candidate_set,7937,7937,0,0,2.0,False,True,True,0.5,CCCCCc1cc2cc(O)cc(Oc3c(O)cc(OC)cc3CCCCC)c2c(=O)o1,1.0,True,binned_cosine_1Da,12940.304089546204,shard_136_140,results/harmonized_sota_candidate_reruns_v1/iceberg/shard_136_140/casmi2022_iceberg_harmonized_query_results.csv,True
141,CASMI2022,iceberg,completed,194,194,428,[M+H]+,315.090498851477,30,CASMI_MOL_1196986,full_query_candidate_set,9378,9378,0,0,4.0,False,True,True,0.25,Nc1ccc(S(=O)(=O)Nc2ccc(-n3ccnc3)cc2)cc1,0.4693877551020408,True,binned_cosine_1Da,11370.010052204132,shard_141_145,results/harmonized_sota_candidate_reruns_v1/iceberg/shard_141_145/casmi2022_iceberg_harmonized_query_results.csv,True
142,CASMI2022,iceberg,completed,195,195,430,[M+H]+,663.227678443159,30,CASMI_MOL_1196987,full_query_candidate_set,1274,1274,0,0,13.0,False,False,False,0.0769230769230769,CC(C)=CCc1c(O)cc(O)c2c(=O)c(OC3OC(CO)C(O)C(O)C3OC3OC(C)C(O)C(O)C3O)c(-c3ccc(O)cc3)oc12,1.0,True,binned_cosine_1Da,3427.2665226459503,shard_141_145,results/harmonized_sota_candidate_reruns_v1/iceberg/shard_141_145/casmi2022_iceberg_harmonized_query_results.csv,True
143,CASMI2022,iceberg,completed,196,196,431,[M+H]+,486.259335227713,30,CASMI_MOL_1196988,full_query_candidate_set,4522,4522,0,0,4.0,False,True,True,0.25,COCCOCCOCCOC(=O)C=CC1=CC(n2nc3ccccc3n2)C(=O)C(C(C)(C)C)C1,0.1176470588235294,True,binned_cosine_1Da,8856.811665296555,shard_141_145,results/harmonized_sota_candidate_reruns_v1/iceberg/shard_141_145/casmi2022_iceberg_harmonized_query_results.csv,True
144,CASMI2022,iceberg,completed,199,199,439,[M+H]+,336.064621637157,30,CASMI_MOL_1196991,full_query_candidate_set,4447,4447,0,0,18.0,False,False,False,0.0555555555555555,CN(Cc1ccc(Cl)cc1)Cn1nnn(-c2cccs2)c1=O,0.1125,False,binned_cosine_1Da,5585.066278219223,shard_141_145,results/harmonized_sota_candidate_reruns_v1/iceberg/shard_141_145/casmi2022_iceberg_harmonized_query_results.csv,True
145,CASMI2022,iceberg,completed,200,200,442,[M+H]+,959.519496084228,30,CASMI_MOL_1196992,full_query_candidate_set,510,510,0,0,34.0,False,False,False,0.0294117647058823,CC1OC(OC2C(OC(=O)C3CC4(C)C(=CCC5C6(C)CC(O)C(O)C(C)(CO)C6CCC54C)C4CC(C)(C)CCC34)OC(COC3OC(CO)C(O)C(O)C3O)C(O)C2O)C(O)C(O)C1O,0.4956521739130435,True,binned_cosine_1Da,1664.8744854927063,shard_141_145,results/harmonized_sota_candidate_reruns_v1/iceberg/shard_141_145/casmi2022_iceberg_harmonized_query_results.csv,True
146,CASMI2022,iceberg,completed,201,201,443,[M+H]+,259.096368166086,30,CASMI_MOL_1196993,full_query_candidate_set,7033,7033,0,0,354.0,False,False,False,0.0028248587570621,O=c1oc2cc(O)c(O)cc2c2c1C1CCCCC21,0.1206896551724138,True,binned_cosine_1Da,8049.742192268372,shard_146_150,results/harmonized_sota_candidate_reruns_v1/iceberg/shard_146_150/casmi2022_iceberg_harmonized_query_results.csv,True
147,CASMI2022,iceberg,partial_prediction_failures,205,205,451,[M+H]+,297.12325418177,30,CASMI_MOL_1196996,full_query_candidate_set,9363,9361,2,2,33.0,False,False,False,0.0303030303030303,COc1ccncc1-c1c(CCC(=O)O)[nH]c2ccccc12,0.1506849315068493,True,binned_cosine_1Da,14187.712505340576,shard_146_150,results/harmonized_sota_candidate_reruns_v1/iceberg/shard_146_150/casmi2022_iceberg_harmonized_query_results.csv,True
148,CASMI2022,iceberg,completed,206,206,453,[M+H]+,273.112060546875,30,CASMI_MOL_1196927,full_query_candidate_set,9113,9113,0,0,502.0,False,False,False,0.0019920318725099,COc1nccc2c(-c3cc(F)cnc3N)cn(C)c12,0.123076923076923,False,binned_cosine_1Da,11069.762844324112,shard_146_150,results/harmonized_sota_candidate_reruns_v1/iceberg/shard_146_150/casmi2022_iceberg_harmonized_query_results.csv,True
149,CASMI2022,iceberg,completed,207,207,454,[M+H]+,227.091207796557,30,CASMI_MOL_1196997,full_query_candidate_set,5971,5971,0,0,409.0,False,False,False,0.0024449877750611,O=C(O)c1coc(COCC2CCOC2)c1,0.0597014925373134,True,binned_cosine_1Da,6495.220375061035,shard_146_150,results/harmonized_sota_candidate_reruns_v1/iceberg/shard_146_150/casmi2022_iceberg_harmonized_query_results.csv,True
150,CASMI2022,iceberg,completed,208,208,455,[M+H]+,235.169023595214,30,CASMI_MOL_1196916,full_query_candidate_set,9633,9633,0,0,355.0,False,False,False,0.0028169014084507,CC1=CCC(=CCC(=O)O)CCC(C)=CCC1,0.1379310344827586,True,binned_cosine_1Da,10432.797718048096,shard_146_150,results/harmonized_sota_candidate_reruns_v1/iceberg/shard_146_150/casmi2022_iceberg_harmonized_query_results.csv,True
151,CASMI2022,iceberg,completed,209,209,456,[M+H]+,275.127561614585,30,CASMI_MOL_1196904,full_query_candidate_set,9092,9092,0,0,127.0,False,False,False,0.0078740157480314,COc1ccc(Cc2c(O)cc(OC)cc2OC)cc1,0.3695652173913043,True,binned_cosine_1Da,10719.10091805458,shard_151_155,results/harmonized_sota_candidate_reruns_v1/iceberg/shard_151_155/casmi2022_iceberg_harmonized_query_results.csv,True
152,CASMI2022,iceberg,completed,210,210,457,[M+H]+,194.081074419737,30,CASMI_MOL_1196998,full_query_candidate_set,6490,6490,0,0,4.0,False,True,True,0.25,COc1cc(C=CC(N)=O)ccc1O,1.0,True,binned_cosine_1Da,7445.228365659714,shard_151_155,results/harmonized_sota_candidate_reruns_v1/iceberg/shard_151_155/casmi2022_iceberg_harmonized_query_results.csv,True
153,CASMI2022,iceberg,completed,211,211,463,[M+H]+,265.190887245176,30,CASMI_MOL_1196999,full_query_candidate_set,9668,9668,0,0,1267.0,False,False,False,0.0007892659826361,CC(C)Oc1cc(N2CCC(C(C)O)C2)ccc1N,0.088235294117647,True,binned_cosine_1Da,11524.286560297012,shard_151_155,results/harmonized_sota_candidate_reruns_v1/iceberg/shard_151_155/casmi2022_iceberg_harmonized_query_results.csv,True
154,CASMI2022,iceberg,completed,212,212,465,[M+H]+,222.148667506899,30,CASMI_MOL_1197000,full_query_candidate_set,9580,9580,0,0,5656.0,False,False,False,0.0001768033946251,CC(C(=O)OC(C)(C)C)c1cccc(N)c1,0.2653061224489796,True,binned_cosine_1Da,10576.679579257963,shard_151_155,results/harmonized_sota_candidate_reruns_v1/iceberg/shard_151_155/casmi2022_iceberg_harmonized_query_results.csv,True
155,CASMI2022,iceberg,completed,213,213,466,[M+H]+,403.211022742836,30,CASMI_MOL_1197001,full_query_candidate_set,9069,9069,0,0,2609.0,False,False,False,0.000383288616328,CCCOC(O)=c1c(C(O)OCCC(C)(C)C)c2cc(O)c1c1c2=CC=C(O)C1,0.1184210526315789,True,binned_cosine_1Da,13854.247501373293,shard_151_155,results/harmonized_sota_candidate_reruns_v1/iceberg/shard_151_155/casmi2022_iceberg_harmonized_query_results.csv,True
156,CASMI2022,iceberg,partial_prediction_failures,214,214,467,[M+H]+,271.059841928281,30,CASMI_MOL_1197002,full_query_candidate_set,1846,1845,1,1,9.0,False,False,True,0.1111111111111111,Cn1c(=O)[nH]c(=O)c2[nH]c(SCC(=O)NN)nc21,0.106060606060606,False,binned_cosine_1Da,2794.8934512138367,shard_156_160,results/harmonized_sota_candidate_reruns_v1/iceberg/shard_156_160/casmi2022_iceberg_harmonized_query_results.csv,True
157,CASMI2022,iceberg,completed,215,215,468,[M+H]+,309.169381324284,30,CASMI_MOL_1197003,full_query_candidate_set,9453,9453,0,0,280.0,False,False,False,0.0035714285714285,CC(=O)C1CCCC=CC2CC(O)CC2C(=O)CCC(=O)O1,0.1645569620253164,True,binned_cosine_1Da,12823.149007558824,shard_156_160,results/harmonized_sota_candidate_reruns_v1/iceberg/shard_156_160/casmi2022_iceberg_harmonized_query_results.csv,True
158,CASMI2022,iceberg,completed,216,216,469,[M+H]+,275.091150535382,30,CASMI_MOL_1197004,full_query_candidate_set,5420,5420,0,0,701.0,False,False,False,0.0014265335235378,CCOC(=O)C1CCc2oc3ccc(O)cc3c2C1=O,0.1971830985915492,True,binned_cosine_1Da,7848.489637851715,shard_156_160,results/harmonized_sota_candidate_reruns_v1/iceberg/shard_156_160/casmi2022_iceberg_harmonized_query_results.csv,True
159,CASMI2022,iceberg,partial_prediction_failures,218,218,475,[M+H]+,273.097993820206,30,CASMI_MOL_1197006,full_query_candidate_set,7363,7361,2,2,242.0,False,False,False,0.0041322314049586,Cc1occc1C(=O)N=NC(=O)CCc1cnccn1,0.1690140845070422,True,binned_cosine_1Da,9646.45206451416,shard_156_160,results/harmonized_sota_candidate_reruns_v1/iceberg/shard_156_160/casmi2022_iceberg_harmonized_query_results.csv,True
160,CASMI2022,iceberg,completed,219,219,476,[M+H]+,315.227363745888,30,CASMI_MOL_1197007,full_query_candidate_set,3155,3155,0,0,8.0,False,False,True,0.125,CC(C)CCCCCCCCC(=O)NC(CC(N)=O)C(=O)O,0.6923076923076923,True,binned_cosine_1Da,4057.246449947357,shard_156_160,results/harmonized_sota_candidate_reruns_v1/iceberg/shard_156_160/casmi2022_iceberg_harmonized_query_results.csv,True
161,CASMI2022,iceberg,completed,220,220,477,[M+H]+,235.1689207741,30,CASMI_MOL_1196917,full_query_candidate_set,9633,9633,0,0,81.0,False,False,False,0.0123456790123456,COc1ccc(C)cc1OCC1CCCCC1,0.1,True,binned_cosine_1Da,10296.598890304564,shard_161_165,results/harmonized_sota_candidate_reruns_v1/iceberg/shard_161_165/casmi2022_iceberg_harmonized_query_results.csv,True
162,CASMI2022,iceberg,completed,221,221,478,[M+H]+,415.211006003416,30,CASMI_MOL_1197008,full_query_candidate_set,9150,9150,0,0,192.0,False,False,False,0.0052083333333333,CC(=O)OCC(=Cc1ccc(CC(=O)OC2C=CCCCCC2)cc1)COC(C)=O,0.1354166666666666,True,binned_cosine_1Da,15786.364183425903,shard_161_165,results/harmonized_sota_candidate_reruns_v1/iceberg/shard_161_165/casmi2022_iceberg_harmonized_query_results.csv,True
163,CASMI2022,iceberg,completed,222,222,479,[M+H]+,377.195318456245,30,CASMI_MOL_1197009,full_query_candidate_set,9240,9240,0,0,27.0,False,False,False,0.037037037037037,O=C(CCc1nc2ccccc2[nH]c1=O)NC1CCN(Cc2ccccc2)C1,0.0909090909090909,False,binned_cosine_1Da,13828.241459846497,shard_161_165,results/harmonized_sota_candidate_reruns_v1/iceberg/shard_161_165/casmi2022_iceberg_harmonized_query_results.csv,True
164,CASMI2022,iceberg,partial_prediction_failures,223,223,480,[M+H]+,357.205526462194,30,CASMI_MOL_1197010,full_query_candidate_set,9012,9011,1,1,6.0,False,False,True,0.1666666666666666,CC=C(Cc1ccc(O)c(O)c1)C(CC)CCCc1ccc(O)c(O)c1,0.1012658227848101,True,binned_cosine_1Da,13231.184834480286,shard_161_165,results/harmonized_sota_candidate_reruns_v1/iceberg/shard_161_165/casmi2022_iceberg_harmonized_query_results.csv,True
165,CASMI2022,iceberg,completed,224,224,487,[M+H]+,256.059356689453,30,CASMI_MOL_1197011,full_query_candidate_set,2730,2730,0,0,5.0,False,True,True,0.2,O=[N+]([O-])NC1=NCCN1Cc1ccc(Cl)nc1,1.0,True,binned_cosine_1Da,2997.856110095978,shard_161_165,results/harmonized_sota_candidate_reruns_v1/iceberg/shard_161_165/casmi2022_iceberg_harmonized_query_results.csv,True
166,CASMI2022,iceberg,completed,225,225,489,[M+H]+,331.080666792507,30,CASMI_MOL_1197012,full_query_candidate_set,6158,6158,0,0,49.0,False,False,False,0.0204081632653061,COc1ccc(-c2c(-c3cc(Cl)c(O)cc3O)n[nH]c2C)cc1,0.1791044776119403,False,binned_cosine_1Da,7789.770387649536,shard_166_170,results/harmonized_sota_candidate_reruns_v1/iceberg/shard_166_170/casmi2022_iceberg_harmonized_query_results.csv,True
167,CASMI2022,iceberg,partial_prediction_failures,226,226,490,[M+H]+,268.154041428283,30,CASMI_MOL_1197013,full_query_candidate_set,9691,9690,1,1,336.0,False,False,False,0.0029761904761904,CC(CCCN1C(=O)CC2(CCCC2)C1=O)C(=O)O,0.1044776119402985,True,binned_cosine_1Da,13928.396379709244,shard_166_170,results/harmonized_sota_candidate_reruns_v1/iceberg/shard_166_170/casmi2022_iceberg_harmonized_query_results.csv,True
168,CASMI2022,iceberg,completed,227,227,491,[M+H]+,411.3252119159,30,CASMI_MOL_1197014,full_query_candidate_set,1329,1329,0,0,622.0,False,False,False,0.0016077170418006,C=CC(C)(C=Cc1ccc(OC(=O)CCCCCCCCC)cc1)CCC=C(C)C,0.1195652173913043,True,binned_cosine_1Da,1918.8274009227755,shard_166_170,results/harmonized_sota_candidate_reruns_v1/iceberg/shard_166_170/casmi2022_iceberg_harmonized_query_results.csv,True
169,CASMI2022,iceberg,completed,228,228,500,[M+H]+,243.101499946407,30,CASMI_MOL_1196957,full_query_candidate_set,6956,6956,0,0,4.0,False,True,True,0.25,Oc1ccc(C2COc3cc(O)ccc3C2)cc1,1.0,True,binned_cosine_1Da,7929.153490781784,shard_166_170,results/harmonized_sota_candidate_reruns_v1/iceberg/shard_166_170/casmi2022_iceberg_harmonized_query_results.csv,True
