shard_id,adduct,candidate_start,candidate_limit,candidate_count,status,completed_candidates,cached_candidates,failed_candidates,selected_candidates,audit_file,command
589,[M+H]+,58900,100,100,partial_cached,5,5,0,100,,python3 scripts/run_cfmid_precomputed_candidate_shard.py --outdir /home/zhome/ec_structure/github_export/FragAnnotor/results/casmi2022_cfmid_native_precomputed_full_v1 --adduct '[M+H]+' --candidate-start 58900 --candidate-limit 100 --resume
590,[M+H]+,59000,100,100,partial_cached,97,97,0,100,,python3 scripts/run_cfmid_precomputed_candidate_shard.py --outdir /home/zhome/ec_structure/github_export/FragAnnotor/results/casmi2022_cfmid_native_precomputed_full_v1 --adduct '[M+H]+' --candidate-start 59000 --candidate-limit 100 --resume
1372,[M+H]+,137200,100,100,partial_cached,83,83,0,100,,python3 scripts/run_cfmid_precomputed_candidate_shard.py --outdir /home/zhome/ec_structure/github_export/FragAnnotor/results/casmi2022_cfmid_native_precomputed_full_v1 --adduct '[M+H]+' --candidate-start 137200 --candidate-limit 100 --resume
1379,[M+H]+,137900,100,100,partial_cached,5,5,0,100,,python3 scripts/run_cfmid_precomputed_candidate_shard.py --outdir /home/zhome/ec_structure/github_export/FragAnnotor/results/casmi2022_cfmid_native_precomputed_full_v1 --adduct '[M+H]+' --candidate-start 137900 --candidate-limit 100 --resume
1563,[M+H]+,156300,100,100,partial_cached,8,8,0,100,,python3 scripts/run_cfmid_precomputed_candidate_shard.py --outdir /home/zhome/ec_structure/github_export/FragAnnotor/results/casmi2022_cfmid_native_precomputed_full_v1 --adduct '[M+H]+' --candidate-start 156300 --candidate-limit 100 --resume
1572,[M+H]+,157200,100,100,partial_cached,50,50,0,100,,python3 scripts/run_cfmid_precomputed_candidate_shard.py --outdir /home/zhome/ec_structure/github_export/FragAnnotor/results/casmi2022_cfmid_native_precomputed_full_v1 --adduct '[M+H]+' --candidate-start 157200 --candidate-limit 100 --resume
1885,[M+H]+,188500,100,100,partial_cached,80,80,0,100,,python3 scripts/run_cfmid_precomputed_candidate_shard.py --outdir /home/zhome/ec_structure/github_export/FragAnnotor/results/casmi2022_cfmid_native_precomputed_full_v1 --adduct '[M+H]+' --candidate-start 188500 --candidate-limit 100 --resume
1894,[M+H]+,189400,100,100,partial_cached,78,78,0,100,,python3 scripts/run_cfmid_precomputed_candidate_shard.py --outdir /home/zhome/ec_structure/github_export/FragAnnotor/results/casmi2022_cfmid_native_precomputed_full_v1 --adduct '[M+H]+' --candidate-start 189400 --candidate-limit 100 --resume
2006,[M+H]+,200600,100,100,partial_cached,95,95,0,100,,python3 scripts/run_cfmid_precomputed_candidate_shard.py --outdir /home/zhome/ec_structure/github_export/FragAnnotor/results/casmi2022_cfmid_native_precomputed_full_v1 --adduct '[M+H]+' --candidate-start 200600 --candidate-limit 100 --resume
2018,[M+H]+,201800,100,100,partial_cached,10,10,0,100,,python3 scripts/run_cfmid_precomputed_candidate_shard.py --outdir /home/zhome/ec_structure/github_export/FragAnnotor/results/casmi2022_cfmid_native_precomputed_full_v1 --adduct '[M+H]+' --candidate-start 201800 --candidate-limit 100 --resume
2556,[M+H]+,255600,100,100,partial_cached,55,55,0,100,,python3 scripts/run_cfmid_precomputed_candidate_shard.py --outdir /home/zhome/ec_structure/github_export/FragAnnotor/results/casmi2022_cfmid_native_precomputed_full_v1 --adduct '[M+H]+' --candidate-start 255600 --candidate-limit 100 --resume
2571,[M+H]+,257100,100,100,partial_cached,55,55,0,100,,python3 scripts/run_cfmid_precomputed_candidate_shard.py --outdir /home/zhome/ec_structure/github_export/FragAnnotor/results/casmi2022_cfmid_native_precomputed_full_v1 --adduct '[M+H]+' --candidate-start 257100 --candidate-limit 100 --resume
3055,[M+H]+,305500,100,100,partial_cached,17,17,0,100,,python3 scripts/run_cfmid_precomputed_candidate_shard.py --outdir /home/zhome/ec_structure/github_export/FragAnnotor/results/casmi2022_cfmid_native_precomputed_full_v1 --adduct '[M+H]+' --candidate-start 305500 --candidate-limit 100 --resume
3063,[M+H]+,306300,100,100,partial_cached,69,69,0,100,,python3 scripts/run_cfmid_precomputed_candidate_shard.py --outdir /home/zhome/ec_structure/github_export/FragAnnotor/results/casmi2022_cfmid_native_precomputed_full_v1 --adduct '[M+H]+' --candidate-start 306300 --candidate-limit 100 --resume
5988,[M+H]+,598800,100,100,partial_cached,89,89,0,100,,python3 scripts/run_cfmid_precomputed_candidate_shard.py --outdir /home/zhome/ec_structure/github_export/FragAnnotor/results/casmi2022_cfmid_native_precomputed_full_v1 --adduct '[M+H]+' --candidate-start 598800 --candidate-limit 100 --resume
5991,[M+H]+,599100,100,100,partial_cached,26,26,0,100,,python3 scripts/run_cfmid_precomputed_candidate_shard.py --outdir /home/zhome/ec_structure/github_export/FragAnnotor/results/casmi2022_cfmid_native_precomputed_full_v1 --adduct '[M+H]+' --candidate-start 599100 --candidate-limit 100 --resume
6343,[M+H]+,634300,100,100,not_started,0,0,0,100,,python3 scripts/run_cfmid_precomputed_candidate_shard.py --outdir /home/zhome/ec_structure/github_export/FragAnnotor/results/casmi2022_cfmid_native_precomputed_full_v1 --adduct '[M+H]+' --candidate-start 634300 --candidate-limit 100 --resume
6344,[M+H]+,634400,100,100,not_started,0,0,0,100,,python3 scripts/run_cfmid_precomputed_candidate_shard.py --outdir /home/zhome/ec_structure/github_export/FragAnnotor/results/casmi2022_cfmid_native_precomputed_full_v1 --adduct '[M+H]+' --candidate-start 634400 --candidate-limit 100 --resume
6345,[M+H]+,634500,100,100,not_started,0,0,0,100,,python3 scripts/run_cfmid_precomputed_candidate_shard.py --outdir /home/zhome/ec_structure/github_export/FragAnnotor/results/casmi2022_cfmid_native_precomputed_full_v1 --adduct '[M+H]+' --candidate-start 634500 --candidate-limit 100 --resume
6346,[M+H]+,634600,100,100,not_started,0,0,0,100,,python3 scripts/run_cfmid_precomputed_candidate_shard.py --outdir /home/zhome/ec_structure/github_export/FragAnnotor/results/casmi2022_cfmid_native_precomputed_full_v1 --adduct '[M+H]+' --candidate-start 634600 --candidate-limit 100 --resume
6347,[M+H]+,634700,100,100,not_started,0,0,0,100,,python3 scripts/run_cfmid_precomputed_candidate_shard.py --outdir /home/zhome/ec_structure/github_export/FragAnnotor/results/casmi2022_cfmid_native_precomputed_full_v1 --adduct '[M+H]+' --candidate-start 634700 --candidate-limit 100 --resume
6348,[M+H]+,634800,100,100,not_started,0,0,0,100,,python3 scripts/run_cfmid_precomputed_candidate_shard.py --outdir /home/zhome/ec_structure/github_export/FragAnnotor/results/casmi2022_cfmid_native_precomputed_full_v1 --adduct '[M+H]+' --candidate-start 634800 --candidate-limit 100 --resume
6349,[M+H]+,634900,100,100,not_started,0,0,0,100,,python3 scripts/run_cfmid_precomputed_candidate_shard.py --outdir /home/zhome/ec_structure/github_export/FragAnnotor/results/casmi2022_cfmid_native_precomputed_full_v1 --adduct '[M+H]+' --candidate-start 634900 --candidate-limit 100 --resume
6350,[M+H]+,635000,100,100,not_started,0,0,0,100,,python3 scripts/run_cfmid_precomputed_candidate_shard.py --outdir /home/zhome/ec_structure/github_export/FragAnnotor/results/casmi2022_cfmid_native_precomputed_full_v1 --adduct '[M+H]+' --candidate-start 635000 --candidate-limit 100 --resume
6351,[M+H]+,635100,100,100,not_started,0,0,0,100,,python3 scripts/run_cfmid_precomputed_candidate_shard.py --outdir /home/zhome/ec_structure/github_export/FragAnnotor/results/casmi2022_cfmid_native_precomputed_full_v1 --adduct '[M+H]+' --candidate-start 635100 --candidate-limit 100 --resume
6352,[M+H]+,635200,100,100,not_started,0,0,0,100,,python3 scripts/run_cfmid_precomputed_candidate_shard.py --outdir /home/zhome/ec_structure/github_export/FragAnnotor/results/casmi2022_cfmid_native_precomputed_full_v1 --adduct '[M+H]+' --candidate-start 635200 --candidate-limit 100 --resume
6353,[M+H]+,635300,100,100,not_started,0,0,0,100,,python3 scripts/run_cfmid_precomputed_candidate_shard.py --outdir /home/zhome/ec_structure/github_export/FragAnnotor/results/casmi2022_cfmid_native_precomputed_full_v1 --adduct '[M+H]+' --candidate-start 635300 --candidate-limit 100 --resume
6354,[M+H]+,635400,100,100,not_started,0,0,0,100,,python3 scripts/run_cfmid_precomputed_candidate_shard.py --outdir /home/zhome/ec_structure/github_export/FragAnnotor/results/casmi2022_cfmid_native_precomputed_full_v1 --adduct '[M+H]+' --candidate-start 635400 --candidate-limit 100 --resume
6355,[M+H]+,635500,100,100,not_started,0,0,0,100,,python3 scripts/run_cfmid_precomputed_candidate_shard.py --outdir /home/zhome/ec_structure/github_export/FragAnnotor/results/casmi2022_cfmid_native_precomputed_full_v1 --adduct '[M+H]+' --candidate-start 635500 --candidate-limit 100 --resume
6356,[M+H]+,635600,100,100,not_started,0,0,0,100,,python3 scripts/run_cfmid_precomputed_candidate_shard.py --outdir /home/zhome/ec_structure/github_export/FragAnnotor/results/casmi2022_cfmid_native_precomputed_full_v1 --adduct '[M+H]+' --candidate-start 635600 --candidate-limit 100 --resume
6357,[M+H]+,635700,100,100,not_started,0,0,0,100,,python3 scripts/run_cfmid_precomputed_candidate_shard.py --outdir /home/zhome/ec_structure/github_export/FragAnnotor/results/casmi2022_cfmid_native_precomputed_full_v1 --adduct '[M+H]+' --candidate-start 635700 --candidate-limit 100 --resume
6358,[M+H]+,635800,100,100,not_started,0,0,0,100,,python3 scripts/run_cfmid_precomputed_candidate_shard.py --outdir /home/zhome/ec_structure/github_export/FragAnnotor/results/casmi2022_cfmid_native_precomputed_full_v1 --adduct '[M+H]+' --candidate-start 635800 --candidate-limit 100 --resume
6359,[M+H]+,635900,100,100,not_started,0,0,0,100,,python3 scripts/run_cfmid_precomputed_candidate_shard.py --outdir /home/zhome/ec_structure/github_export/FragAnnotor/results/casmi2022_cfmid_native_precomputed_full_v1 --adduct '[M+H]+' --candidate-start 635900 --candidate-limit 100 --resume
6360,[M+H]+,636000,100,100,not_started,0,0,0,100,,python3 scripts/run_cfmid_precomputed_candidate_shard.py --outdir /home/zhome/ec_structure/github_export/FragAnnotor/results/casmi2022_cfmid_native_precomputed_full_v1 --adduct '[M+H]+' --candidate-start 636000 --candidate-limit 100 --resume
6361,[M+H]+,636100,100,100,not_started,0,0,0,100,,python3 scripts/run_cfmid_precomputed_candidate_shard.py --outdir /home/zhome/ec_structure/github_export/FragAnnotor/results/casmi2022_cfmid_native_precomputed_full_v1 --adduct '[M+H]+' --candidate-start 636100 --candidate-limit 100 --resume
6362,[M+H]+,636200,100,100,not_started,0,0,0,100,,python3 scripts/run_cfmid_precomputed_candidate_shard.py --outdir /home/zhome/ec_structure/github_export/FragAnnotor/results/casmi2022_cfmid_native_precomputed_full_v1 --adduct '[M+H]+' --candidate-start 636200 --candidate-limit 100 --resume
6363,[M+H]+,636300,100,100,not_started,0,0,0,100,,python3 scripts/run_cfmid_precomputed_candidate_shard.py --outdir /home/zhome/ec_structure/github_export/FragAnnotor/results/casmi2022_cfmid_native_precomputed_full_v1 --adduct '[M+H]+' --candidate-start 636300 --candidate-limit 100 --resume
6364,[M+H]+,636400,100,100,not_started,0,0,0,100,,python3 scripts/run_cfmid_precomputed_candidate_shard.py --outdir /home/zhome/ec_structure/github_export/FragAnnotor/results/casmi2022_cfmid_native_precomputed_full_v1 --adduct '[M+H]+' --candidate-start 636400 --candidate-limit 100 --resume
6365,[M+H]+,636500,100,100,not_started,0,0,0,100,,python3 scripts/run_cfmid_precomputed_candidate_shard.py --outdir /home/zhome/ec_structure/github_export/FragAnnotor/results/casmi2022_cfmid_native_precomputed_full_v1 --adduct '[M+H]+' --candidate-start 636500 --candidate-limit 100 --resume
6366,[M+H]+,636600,100,100,not_started,0,0,0,100,,python3 scripts/run_cfmid_precomputed_candidate_shard.py --outdir /home/zhome/ec_structure/github_export/FragAnnotor/results/casmi2022_cfmid_native_precomputed_full_v1 --adduct '[M+H]+' --candidate-start 636600 --candidate-limit 100 --resume
6367,[M+H]+,636700,100,100,not_started,0,0,0,100,,python3 scripts/run_cfmid_precomputed_candidate_shard.py --outdir /home/zhome/ec_structure/github_export/FragAnnotor/results/casmi2022_cfmid_native_precomputed_full_v1 --adduct '[M+H]+' --candidate-start 636700 --candidate-limit 100 --resume
6368,[M+H]+,636800,100,100,not_started,0,0,0,100,,python3 scripts/run_cfmid_precomputed_candidate_shard.py --outdir /home/zhome/ec_structure/github_export/FragAnnotor/results/casmi2022_cfmid_native_precomputed_full_v1 --adduct '[M+H]+' --candidate-start 636800 --candidate-limit 100 --resume
6369,[M+H]+,636900,100,100,not_started,0,0,0,100,,python3 scripts/run_cfmid_precomputed_candidate_shard.py --outdir /home/zhome/ec_structure/github_export/FragAnnotor/results/casmi2022_cfmid_native_precomputed_full_v1 --adduct '[M+H]+' --candidate-start 636900 --candidate-limit 100 --resume
6370,[M+H]+,637000,100,100,not_started,0,0,0,100,,python3 scripts/run_cfmid_precomputed_candidate_shard.py --outdir /home/zhome/ec_structure/github_export/FragAnnotor/results/casmi2022_cfmid_native_precomputed_full_v1 --adduct '[M+H]+' --candidate-start 637000 --candidate-limit 100 --resume
6371,[M+H]+,637100,100,100,not_started,0,0,0,100,,python3 scripts/run_cfmid_precomputed_candidate_shard.py --outdir /home/zhome/ec_structure/github_export/FragAnnotor/results/casmi2022_cfmid_native_precomputed_full_v1 --adduct '[M+H]+' --candidate-start 637100 --candidate-limit 100 --resume
6372,[M+H]+,637200,100,100,not_started,0,0,0,100,,python3 scripts/run_cfmid_precomputed_candidate_shard.py --outdir /home/zhome/ec_structure/github_export/FragAnnotor/results/casmi2022_cfmid_native_precomputed_full_v1 --adduct '[M+H]+' --candidate-start 637200 --candidate-limit 100 --resume
6373,[M+H]+,637300,100,100,not_started,0,0,0,100,,python3 scripts/run_cfmid_precomputed_candidate_shard.py --outdir /home/zhome/ec_structure/github_export/FragAnnotor/results/casmi2022_cfmid_native_precomputed_full_v1 --adduct '[M+H]+' --candidate-start 637300 --candidate-limit 100 --resume
6374,[M+H]+,637400,100,100,not_started,0,0,0,100,,python3 scripts/run_cfmid_precomputed_candidate_shard.py --outdir /home/zhome/ec_structure/github_export/FragAnnotor/results/casmi2022_cfmid_native_precomputed_full_v1 --adduct '[M+H]+' --candidate-start 637400 --candidate-limit 100 --resume
6375,[M+H]+,637500,100,100,not_started,0,0,0,100,,python3 scripts/run_cfmid_precomputed_candidate_shard.py --outdir /home/zhome/ec_structure/github_export/FragAnnotor/results/casmi2022_cfmid_native_precomputed_full_v1 --adduct '[M+H]+' --candidate-start 637500 --candidate-limit 100 --resume
6376,[M+H]+,637600,100,100,not_started,0,0,0,100,,python3 scripts/run_cfmid_precomputed_candidate_shard.py --outdir /home/zhome/ec_structure/github_export/FragAnnotor/results/casmi2022_cfmid_native_precomputed_full_v1 --adduct '[M+H]+' --candidate-start 637600 --candidate-limit 100 --resume
6377,[M+H]+,637700,100,100,not_started,0,0,0,100,,python3 scripts/run_cfmid_precomputed_candidate_shard.py --outdir /home/zhome/ec_structure/github_export/FragAnnotor/results/casmi2022_cfmid_native_precomputed_full_v1 --adduct '[M+H]+' --candidate-start 637700 --candidate-limit 100 --resume
6378,[M+H]+,637800,100,100,not_started,0,0,0,100,,python3 scripts/run_cfmid_precomputed_candidate_shard.py --outdir /home/zhome/ec_structure/github_export/FragAnnotor/results/casmi2022_cfmid_native_precomputed_full_v1 --adduct '[M+H]+' --candidate-start 637800 --candidate-limit 100 --resume
6379,[M+H]+,637900,100,100,not_started,0,0,0,100,,python3 scripts/run_cfmid_precomputed_candidate_shard.py --outdir /home/zhome/ec_structure/github_export/FragAnnotor/results/casmi2022_cfmid_native_precomputed_full_v1 --adduct '[M+H]+' --candidate-start 637900 --candidate-limit 100 --resume
6380,[M+H]+,638000,100,100,not_started,0,0,0,100,,python3 scripts/run_cfmid_precomputed_candidate_shard.py --outdir /home/zhome/ec_structure/github_export/FragAnnotor/results/casmi2022_cfmid_native_precomputed_full_v1 --adduct '[M+H]+' --candidate-start 638000 --candidate-limit 100 --resume
6381,[M+H]+,638100,100,100,not_started,0,0,0,100,,python3 scripts/run_cfmid_precomputed_candidate_shard.py --outdir /home/zhome/ec_structure/github_export/FragAnnotor/results/casmi2022_cfmid_native_precomputed_full_v1 --adduct '[M+H]+' --candidate-start 638100 --candidate-limit 100 --resume
6382,[M+H]+,638200,100,100,not_started,0,0,0,100,,python3 scripts/run_cfmid_precomputed_candidate_shard.py --outdir /home/zhome/ec_structure/github_export/FragAnnotor/results/casmi2022_cfmid_native_precomputed_full_v1 --adduct '[M+H]+' --candidate-start 638200 --candidate-limit 100 --resume
6383,[M+H]+,638300,100,100,not_started,0,0,0,100,,python3 scripts/run_cfmid_precomputed_candidate_shard.py --outdir /home/zhome/ec_structure/github_export/FragAnnotor/results/casmi2022_cfmid_native_precomputed_full_v1 --adduct '[M+H]+' --candidate-start 638300 --candidate-limit 100 --resume
6384,[M+H]+,638400,100,100,not_started,0,0,0,100,,python3 scripts/run_cfmid_precomputed_candidate_shard.py --outdir /home/zhome/ec_structure/github_export/FragAnnotor/results/casmi2022_cfmid_native_precomputed_full_v1 --adduct '[M+H]+' --candidate-start 638400 --candidate-limit 100 --resume
6385,[M+H]+,638500,100,100,not_started,0,0,0,100,,python3 scripts/run_cfmid_precomputed_candidate_shard.py --outdir /home/zhome/ec_structure/github_export/FragAnnotor/results/casmi2022_cfmid_native_precomputed_full_v1 --adduct '[M+H]+' --candidate-start 638500 --candidate-limit 100 --resume
6386,[M+H]+,638600,100,100,not_started,0,0,0,100,,python3 scripts/run_cfmid_precomputed_candidate_shard.py --outdir /home/zhome/ec_structure/github_export/FragAnnotor/results/casmi2022_cfmid_native_precomputed_full_v1 --adduct '[M+H]+' --candidate-start 638600 --candidate-limit 100 --resume
6387,[M+H]+,638700,100,100,not_started,0,0,0,100,,python3 scripts/run_cfmid_precomputed_candidate_shard.py --outdir /home/zhome/ec_structure/github_export/FragAnnotor/results/casmi2022_cfmid_native_precomputed_full_v1 --adduct '[M+H]+' --candidate-start 638700 --candidate-limit 100 --resume
6388,[M+H]+,638800,100,100,not_started,0,0,0,100,,python3 scripts/run_cfmid_precomputed_candidate_shard.py --outdir /home/zhome/ec_structure/github_export/FragAnnotor/results/casmi2022_cfmid_native_precomputed_full_v1 --adduct '[M+H]+' --candidate-start 638800 --candidate-limit 100 --resume
6389,[M+H]+,638900,100,100,not_started,0,0,0,100,,python3 scripts/run_cfmid_precomputed_candidate_shard.py --outdir /home/zhome/ec_structure/github_export/FragAnnotor/results/casmi2022_cfmid_native_precomputed_full_v1 --adduct '[M+H]+' --candidate-start 638900 --candidate-limit 100 --resume
6390,[M+H]+,639000,100,100,not_started,0,0,0,100,,python3 scripts/run_cfmid_precomputed_candidate_shard.py --outdir /home/zhome/ec_structure/github_export/FragAnnotor/results/casmi2022_cfmid_native_precomputed_full_v1 --adduct '[M+H]+' --candidate-start 639000 --candidate-limit 100 --resume
6391,[M+H]+,639100,100,100,not_started,0,0,0,100,,python3 scripts/run_cfmid_precomputed_candidate_shard.py --outdir /home/zhome/ec_structure/github_export/FragAnnotor/results/casmi2022_cfmid_native_precomputed_full_v1 --adduct '[M+H]+' --candidate-start 639100 --candidate-limit 100 --resume
6392,[M+H]+,639200,100,100,not_started,0,0,0,100,,python3 scripts/run_cfmid_precomputed_candidate_shard.py --outdir /home/zhome/ec_structure/github_export/FragAnnotor/results/casmi2022_cfmid_native_precomputed_full_v1 --adduct '[M+H]+' --candidate-start 639200 --candidate-limit 100 --resume
6393,[M+H]+,639300,100,100,not_started,0,0,0,100,,python3 scripts/run_cfmid_precomputed_candidate_shard.py --outdir /home/zhome/ec_structure/github_export/FragAnnotor/results/casmi2022_cfmid_native_precomputed_full_v1 --adduct '[M+H]+' --candidate-start 639300 --candidate-limit 100 --resume
6394,[M+H]+,639400,100,100,not_started,0,0,0,100,,python3 scripts/run_cfmid_precomputed_candidate_shard.py --outdir /home/zhome/ec_structure/github_export/FragAnnotor/results/casmi2022_cfmid_native_precomputed_full_v1 --adduct '[M+H]+' --candidate-start 639400 --candidate-limit 100 --resume
6395,[M+H]+,639500,100,100,not_started,0,0,0,100,,python3 scripts/run_cfmid_precomputed_candidate_shard.py --outdir /home/zhome/ec_structure/github_export/FragAnnotor/results/casmi2022_cfmid_native_precomputed_full_v1 --adduct '[M+H]+' --candidate-start 639500 --candidate-limit 100 --resume
6396,[M+H]+,639600,100,100,not_started,0,0,0,100,,python3 scripts/run_cfmid_precomputed_candidate_shard.py --outdir /home/zhome/ec_structure/github_export/FragAnnotor/results/casmi2022_cfmid_native_precomputed_full_v1 --adduct '[M+H]+' --candidate-start 639600 --candidate-limit 100 --resume
6397,[M+H]+,639700,100,100,not_started,0,0,0,100,,python3 scripts/run_cfmid_precomputed_candidate_shard.py --outdir /home/zhome/ec_structure/github_export/FragAnnotor/results/casmi2022_cfmid_native_precomputed_full_v1 --adduct '[M+H]+' --candidate-start 639700 --candidate-limit 100 --resume
6398,[M+H]+,639800,100,100,not_started,0,0,0,100,,python3 scripts/run_cfmid_precomputed_candidate_shard.py --outdir /home/zhome/ec_structure/github_export/FragAnnotor/results/casmi2022_cfmid_native_precomputed_full_v1 --adduct '[M+H]+' --candidate-start 639800 --candidate-limit 100 --resume
6399,[M+H]+,639900,100,100,not_started,0,0,0,100,,python3 scripts/run_cfmid_precomputed_candidate_shard.py --outdir /home/zhome/ec_structure/github_export/FragAnnotor/results/casmi2022_cfmid_native_precomputed_full_v1 --adduct '[M+H]+' --candidate-start 639900 --candidate-limit 100 --resume
6400,[M+H]+,640000,100,100,not_started,0,0,0,100,,python3 scripts/run_cfmid_precomputed_candidate_shard.py --outdir /home/zhome/ec_structure/github_export/FragAnnotor/results/casmi2022_cfmid_native_precomputed_full_v1 --adduct '[M+H]+' --candidate-start 640000 --candidate-limit 100 --resume
6401,[M+H]+,640100,100,100,not_started,0,0,0,100,,python3 scripts/run_cfmid_precomputed_candidate_shard.py --outdir /home/zhome/ec_structure/github_export/FragAnnotor/results/casmi2022_cfmid_native_precomputed_full_v1 --adduct '[M+H]+' --candidate-start 640100 --candidate-limit 100 --resume
6402,[M+H]+,640200,100,100,not_started,0,0,0,100,,python3 scripts/run_cfmid_precomputed_candidate_shard.py --outdir /home/zhome/ec_structure/github_export/FragAnnotor/results/casmi2022_cfmid_native_precomputed_full_v1 --adduct '[M+H]+' --candidate-start 640200 --candidate-limit 100 --resume
6403,[M+H]+,640300,100,100,not_started,0,0,0,100,,python3 scripts/run_cfmid_precomputed_candidate_shard.py --outdir /home/zhome/ec_structure/github_export/FragAnnotor/results/casmi2022_cfmid_native_precomputed_full_v1 --adduct '[M+H]+' --candidate-start 640300 --candidate-limit 100 --resume
6404,[M+H]+,640400,100,100,not_started,0,0,0,100,,python3 scripts/run_cfmid_precomputed_candidate_shard.py --outdir /home/zhome/ec_structure/github_export/FragAnnotor/results/casmi2022_cfmid_native_precomputed_full_v1 --adduct '[M+H]+' --candidate-start 640400 --candidate-limit 100 --resume
6405,[M+H]+,640500,100,100,not_started,0,0,0,100,,python3 scripts/run_cfmid_precomputed_candidate_shard.py --outdir /home/zhome/ec_structure/github_export/FragAnnotor/results/casmi2022_cfmid_native_precomputed_full_v1 --adduct '[M+H]+' --candidate-start 640500 --candidate-limit 100 --resume
6406,[M+H]+,640600,100,100,not_started,0,0,0,100,,python3 scripts/run_cfmid_precomputed_candidate_shard.py --outdir /home/zhome/ec_structure/github_export/FragAnnotor/results/casmi2022_cfmid_native_precomputed_full_v1 --adduct '[M+H]+' --candidate-start 640600 --candidate-limit 100 --resume
6407,[M+H]+,640700,100,100,not_started,0,0,0,100,,python3 scripts/run_cfmid_precomputed_candidate_shard.py --outdir /home/zhome/ec_structure/github_export/FragAnnotor/results/casmi2022_cfmid_native_precomputed_full_v1 --adduct '[M+H]+' --candidate-start 640700 --candidate-limit 100 --resume
6408,[M+H]+,640800,100,100,not_started,0,0,0,100,,python3 scripts/run_cfmid_precomputed_candidate_shard.py --outdir /home/zhome/ec_structure/github_export/FragAnnotor/results/casmi2022_cfmid_native_precomputed_full_v1 --adduct '[M+H]+' --candidate-start 640800 --candidate-limit 100 --resume
6409,[M+H]+,640900,100,100,not_started,0,0,0,100,,python3 scripts/run_cfmid_precomputed_candidate_shard.py --outdir /home/zhome/ec_structure/github_export/FragAnnotor/results/casmi2022_cfmid_native_precomputed_full_v1 --adduct '[M+H]+' --candidate-start 640900 --candidate-limit 100 --resume
6410,[M+H]+,641000,100,100,not_started,0,0,0,100,,python3 scripts/run_cfmid_precomputed_candidate_shard.py --outdir /home/zhome/ec_structure/github_export/FragAnnotor/results/casmi2022_cfmid_native_precomputed_full_v1 --adduct '[M+H]+' --candidate-start 641000 --candidate-limit 100 --resume
6411,[M+H]+,641100,100,100,not_started,0,0,0,100,,python3 scripts/run_cfmid_precomputed_candidate_shard.py --outdir /home/zhome/ec_structure/github_export/FragAnnotor/results/casmi2022_cfmid_native_precomputed_full_v1 --adduct '[M+H]+' --candidate-start 641100 --candidate-limit 100 --resume
6412,[M+H]+,641200,100,100,not_started,0,0,0,100,,python3 scripts/run_cfmid_precomputed_candidate_shard.py --outdir /home/zhome/ec_structure/github_export/FragAnnotor/results/casmi2022_cfmid_native_precomputed_full_v1 --adduct '[M+H]+' --candidate-start 641200 --candidate-limit 100 --resume
6413,[M+H]+,641300,100,100,not_started,0,0,0,100,,python3 scripts/run_cfmid_precomputed_candidate_shard.py --outdir /home/zhome/ec_structure/github_export/FragAnnotor/results/casmi2022_cfmid_native_precomputed_full_v1 --adduct '[M+H]+' --candidate-start 641300 --candidate-limit 100 --resume
6414,[M+H]+,641400,100,100,not_started,0,0,0,100,,python3 scripts/run_cfmid_precomputed_candidate_shard.py --outdir /home/zhome/ec_structure/github_export/FragAnnotor/results/casmi2022_cfmid_native_precomputed_full_v1 --adduct '[M+H]+' --candidate-start 641400 --candidate-limit 100 --resume
6415,[M+H]+,641500,100,100,not_started,0,0,0,100,,python3 scripts/run_cfmid_precomputed_candidate_shard.py --outdir /home/zhome/ec_structure/github_export/FragAnnotor/results/casmi2022_cfmid_native_precomputed_full_v1 --adduct '[M+H]+' --candidate-start 641500 --candidate-limit 100 --resume
6416,[M+H]+,641600,100,100,not_started,0,0,0,100,,python3 scripts/run_cfmid_precomputed_candidate_shard.py --outdir /home/zhome/ec_structure/github_export/FragAnnotor/results/casmi2022_cfmid_native_precomputed_full_v1 --adduct '[M+H]+' --candidate-start 641600 --candidate-limit 100 --resume
6417,[M+H]+,641700,100,100,not_started,0,0,0,100,,python3 scripts/run_cfmid_precomputed_candidate_shard.py --outdir /home/zhome/ec_structure/github_export/FragAnnotor/results/casmi2022_cfmid_native_precomputed_full_v1 --adduct '[M+H]+' --candidate-start 641700 --candidate-limit 100 --resume
6418,[M+H]+,641800,100,100,not_started,0,0,0,100,,python3 scripts/run_cfmid_precomputed_candidate_shard.py --outdir /home/zhome/ec_structure/github_export/FragAnnotor/results/casmi2022_cfmid_native_precomputed_full_v1 --adduct '[M+H]+' --candidate-start 641800 --candidate-limit 100 --resume
6419,[M+H]+,641900,100,100,not_started,0,0,0,100,,python3 scripts/run_cfmid_precomputed_candidate_shard.py --outdir /home/zhome/ec_structure/github_export/FragAnnotor/results/casmi2022_cfmid_native_precomputed_full_v1 --adduct '[M+H]+' --candidate-start 641900 --candidate-limit 100 --resume
6420,[M+H]+,642000,100,100,not_started,0,0,0,100,,python3 scripts/run_cfmid_precomputed_candidate_shard.py --outdir /home/zhome/ec_structure/github_export/FragAnnotor/results/casmi2022_cfmid_native_precomputed_full_v1 --adduct '[M+H]+' --candidate-start 642000 --candidate-limit 100 --resume
6421,[M+H]+,642100,100,100,not_started,0,0,0,100,,python3 scripts/run_cfmid_precomputed_candidate_shard.py --outdir /home/zhome/ec_structure/github_export/FragAnnotor/results/casmi2022_cfmid_native_precomputed_full_v1 --adduct '[M+H]+' --candidate-start 642100 --candidate-limit 100 --resume
6422,[M+H]+,642200,100,100,not_started,0,0,0,100,,python3 scripts/run_cfmid_precomputed_candidate_shard.py --outdir /home/zhome/ec_structure/github_export/FragAnnotor/results/casmi2022_cfmid_native_precomputed_full_v1 --adduct '[M+H]+' --candidate-start 642200 --candidate-limit 100 --resume
6423,[M+H]+,642300,100,100,not_started,0,0,0,100,,python3 scripts/run_cfmid_precomputed_candidate_shard.py --outdir /home/zhome/ec_structure/github_export/FragAnnotor/results/casmi2022_cfmid_native_precomputed_full_v1 --adduct '[M+H]+' --candidate-start 642300 --candidate-limit 100 --resume
6424,[M+H]+,642400,100,100,not_started,0,0,0,100,,python3 scripts/run_cfmid_precomputed_candidate_shard.py --outdir /home/zhome/ec_structure/github_export/FragAnnotor/results/casmi2022_cfmid_native_precomputed_full_v1 --adduct '[M+H]+' --candidate-start 642400 --candidate-limit 100 --resume
6425,[M+H]+,642500,100,100,not_started,0,0,0,100,,python3 scripts/run_cfmid_precomputed_candidate_shard.py --outdir /home/zhome/ec_structure/github_export/FragAnnotor/results/casmi2022_cfmid_native_precomputed_full_v1 --adduct '[M+H]+' --candidate-start 642500 --candidate-limit 100 --resume
6426,[M+H]+,642600,100,100,not_started,0,0,0,100,,python3 scripts/run_cfmid_precomputed_candidate_shard.py --outdir /home/zhome/ec_structure/github_export/FragAnnotor/results/casmi2022_cfmid_native_precomputed_full_v1 --adduct '[M+H]+' --candidate-start 642600 --candidate-limit 100 --resume
6427,[M+H]+,642700,100,100,not_started,0,0,0,100,,python3 scripts/run_cfmid_precomputed_candidate_shard.py --outdir /home/zhome/ec_structure/github_export/FragAnnotor/results/casmi2022_cfmid_native_precomputed_full_v1 --adduct '[M+H]+' --candidate-start 642700 --candidate-limit 100 --resume
6428,[M+H]+,642800,100,100,not_started,0,0,0,100,,python3 scripts/run_cfmid_precomputed_candidate_shard.py --outdir /home/zhome/ec_structure/github_export/FragAnnotor/results/casmi2022_cfmid_native_precomputed_full_v1 --adduct '[M+H]+' --candidate-start 642800 --candidate-limit 100 --resume
6429,[M+H]+,642900,100,100,not_started,0,0,0,100,,python3 scripts/run_cfmid_precomputed_candidate_shard.py --outdir /home/zhome/ec_structure/github_export/FragAnnotor/results/casmi2022_cfmid_native_precomputed_full_v1 --adduct '[M+H]+' --candidate-start 642900 --candidate-limit 100 --resume
6430,[M+H]+,643000,100,100,not_started,0,0,0,100,,python3 scripts/run_cfmid_precomputed_candidate_shard.py --outdir /home/zhome/ec_structure/github_export/FragAnnotor/results/casmi2022_cfmid_native_precomputed_full_v1 --adduct '[M+H]+' --candidate-start 643000 --candidate-limit 100 --resume
6431,[M+H]+,643100,100,100,not_started,0,0,0,100,,python3 scripts/run_cfmid_precomputed_candidate_shard.py --outdir /home/zhome/ec_structure/github_export/FragAnnotor/results/casmi2022_cfmid_native_precomputed_full_v1 --adduct '[M+H]+' --candidate-start 643100 --candidate-limit 100 --resume
6432,[M+H]+,643200,100,100,not_started,0,0,0,100,,python3 scripts/run_cfmid_precomputed_candidate_shard.py --outdir /home/zhome/ec_structure/github_export/FragAnnotor/results/casmi2022_cfmid_native_precomputed_full_v1 --adduct '[M+H]+' --candidate-start 643200 --candidate-limit 100 --resume
6433,[M+H]+,643300,100,100,not_started,0,0,0,100,,python3 scripts/run_cfmid_precomputed_candidate_shard.py --outdir /home/zhome/ec_structure/github_export/FragAnnotor/results/casmi2022_cfmid_native_precomputed_full_v1 --adduct '[M+H]+' --candidate-start 643300 --candidate-limit 100 --resume
6434,[M+H]+,643400,100,100,not_started,0,0,0,100,,python3 scripts/run_cfmid_precomputed_candidate_shard.py --outdir /home/zhome/ec_structure/github_export/FragAnnotor/results/casmi2022_cfmid_native_precomputed_full_v1 --adduct '[M+H]+' --candidate-start 643400 --candidate-limit 100 --resume
6435,[M+H]+,643500,100,100,not_started,0,0,0,100,,python3 scripts/run_cfmid_precomputed_candidate_shard.py --outdir /home/zhome/ec_structure/github_export/FragAnnotor/results/casmi2022_cfmid_native_precomputed_full_v1 --adduct '[M+H]+' --candidate-start 643500 --candidate-limit 100 --resume
6436,[M+H]+,643600,100,100,not_started,0,0,0,100,,python3 scripts/run_cfmid_precomputed_candidate_shard.py --outdir /home/zhome/ec_structure/github_export/FragAnnotor/results/casmi2022_cfmid_native_precomputed_full_v1 --adduct '[M+H]+' --candidate-start 643600 --candidate-limit 100 --resume
6437,[M+H]+,643700,100,100,not_started,0,0,0,100,,python3 scripts/run_cfmid_precomputed_candidate_shard.py --outdir /home/zhome/ec_structure/github_export/FragAnnotor/results/casmi2022_cfmid_native_precomputed_full_v1 --adduct '[M+H]+' --candidate-start 643700 --candidate-limit 100 --resume
6438,[M+H]+,643800,100,100,not_started,0,0,0,100,,python3 scripts/run_cfmid_precomputed_candidate_shard.py --outdir /home/zhome/ec_structure/github_export/FragAnnotor/results/casmi2022_cfmid_native_precomputed_full_v1 --adduct '[M+H]+' --candidate-start 643800 --candidate-limit 100 --resume
6439,[M+H]+,643900,100,100,not_started,0,0,0,100,,python3 scripts/run_cfmid_precomputed_candidate_shard.py --outdir /home/zhome/ec_structure/github_export/FragAnnotor/results/casmi2022_cfmid_native_precomputed_full_v1 --adduct '[M+H]+' --candidate-start 643900 --candidate-limit 100 --resume
6440,[M+H]+,644000,100,100,not_started,0,0,0,100,,python3 scripts/run_cfmid_precomputed_candidate_shard.py --outdir /home/zhome/ec_structure/github_export/FragAnnotor/results/casmi2022_cfmid_native_precomputed_full_v1 --adduct '[M+H]+' --candidate-start 644000 --candidate-limit 100 --resume
6441,[M+H]+,644100,100,100,not_started,0,0,0,100,,python3 scripts/run_cfmid_precomputed_candidate_shard.py --outdir /home/zhome/ec_structure/github_export/FragAnnotor/results/casmi2022_cfmid_native_precomputed_full_v1 --adduct '[M+H]+' --candidate-start 644100 --candidate-limit 100 --resume
6442,[M+H]+,644200,100,100,not_started,0,0,0,100,,python3 scripts/run_cfmid_precomputed_candidate_shard.py --outdir /home/zhome/ec_structure/github_export/FragAnnotor/results/casmi2022_cfmid_native_precomputed_full_v1 --adduct '[M+H]+' --candidate-start 644200 --candidate-limit 100 --resume
6443,[M+H]+,644300,100,100,not_started,0,0,0,100,,python3 scripts/run_cfmid_precomputed_candidate_shard.py --outdir /home/zhome/ec_structure/github_export/FragAnnotor/results/casmi2022_cfmid_native_precomputed_full_v1 --adduct '[M+H]+' --candidate-start 644300 --candidate-limit 100 --resume
6444,[M+H]+,644400,100,100,not_started,0,0,0,100,,python3 scripts/run_cfmid_precomputed_candidate_shard.py --outdir /home/zhome/ec_structure/github_export/FragAnnotor/results/casmi2022_cfmid_native_precomputed_full_v1 --adduct '[M+H]+' --candidate-start 644400 --candidate-limit 100 --resume
6445,[M+H]+,644500,100,100,not_started,0,0,0,100,,python3 scripts/run_cfmid_precomputed_candidate_shard.py --outdir /home/zhome/ec_structure/github_export/FragAnnotor/results/casmi2022_cfmid_native_precomputed_full_v1 --adduct '[M+H]+' --candidate-start 644500 --candidate-limit 100 --resume
6446,[M+H]+,644600,100,100,not_started,0,0,0,100,,python3 scripts/run_cfmid_precomputed_candidate_shard.py --outdir /home/zhome/ec_structure/github_export/FragAnnotor/results/casmi2022_cfmid_native_precomputed_full_v1 --adduct '[M+H]+' --candidate-start 644600 --candidate-limit 100 --resume
6447,[M+H]+,644700,100,100,not_started,0,0,0,100,,python3 scripts/run_cfmid_precomputed_candidate_shard.py --outdir /home/zhome/ec_structure/github_export/FragAnnotor/results/casmi2022_cfmid_native_precomputed_full_v1 --adduct '[M+H]+' --candidate-start 644700 --candidate-limit 100 --resume
6448,[M+H]+,644800,100,100,not_started,0,0,0,100,,python3 scripts/run_cfmid_precomputed_candidate_shard.py --outdir /home/zhome/ec_structure/github_export/FragAnnotor/results/casmi2022_cfmid_native_precomputed_full_v1 --adduct '[M+H]+' --candidate-start 644800 --candidate-limit 100 --resume
6449,[M+H]+,644900,100,100,not_started,0,0,0,100,,python3 scripts/run_cfmid_precomputed_candidate_shard.py --outdir /home/zhome/ec_structure/github_export/FragAnnotor/results/casmi2022_cfmid_native_precomputed_full_v1 --adduct '[M+H]+' --candidate-start 644900 --candidate-limit 100 --resume
6450,[M+H]+,645000,100,100,not_started,0,0,0,100,,python3 scripts/run_cfmid_precomputed_candidate_shard.py --outdir /home/zhome/ec_structure/github_export/FragAnnotor/results/casmi2022_cfmid_native_precomputed_full_v1 --adduct '[M+H]+' --candidate-start 645000 --candidate-limit 100 --resume
6451,[M+H]+,645100,100,100,not_started,0,0,0,100,,python3 scripts/run_cfmid_precomputed_candidate_shard.py --outdir /home/zhome/ec_structure/github_export/FragAnnotor/results/casmi2022_cfmid_native_precomputed_full_v1 --adduct '[M+H]+' --candidate-start 645100 --candidate-limit 100 --resume
6452,[M+H]+,645200,100,100,not_started,0,0,0,100,,python3 scripts/run_cfmid_precomputed_candidate_shard.py --outdir /home/zhome/ec_structure/github_export/FragAnnotor/results/casmi2022_cfmid_native_precomputed_full_v1 --adduct '[M+H]+' --candidate-start 645200 --candidate-limit 100 --resume
6453,[M+H]+,645300,100,100,not_started,0,0,0,100,,python3 scripts/run_cfmid_precomputed_candidate_shard.py --outdir /home/zhome/ec_structure/github_export/FragAnnotor/results/casmi2022_cfmid_native_precomputed_full_v1 --adduct '[M+H]+' --candidate-start 645300 --candidate-limit 100 --resume
6454,[M+H]+,645400,100,100,not_started,0,0,0,100,,python3 scripts/run_cfmid_precomputed_candidate_shard.py --outdir /home/zhome/ec_structure/github_export/FragAnnotor/results/casmi2022_cfmid_native_precomputed_full_v1 --adduct '[M+H]+' --candidate-start 645400 --candidate-limit 100 --resume
6455,[M+H]+,645500,100,100,not_started,0,0,0,100,,python3 scripts/run_cfmid_precomputed_candidate_shard.py --outdir /home/zhome/ec_structure/github_export/FragAnnotor/results/casmi2022_cfmid_native_precomputed_full_v1 --adduct '[M+H]+' --candidate-start 645500 --candidate-limit 100 --resume
6456,[M+H]+,645600,100,100,not_started,0,0,0,100,,python3 scripts/run_cfmid_precomputed_candidate_shard.py --outdir /home/zhome/ec_structure/github_export/FragAnnotor/results/casmi2022_cfmid_native_precomputed_full_v1 --adduct '[M+H]+' --candidate-start 645600 --candidate-limit 100 --resume
6457,[M+H]+,645700,100,100,not_started,0,0,0,100,,python3 scripts/run_cfmid_precomputed_candidate_shard.py --outdir /home/zhome/ec_structure/github_export/FragAnnotor/results/casmi2022_cfmid_native_precomputed_full_v1 --adduct '[M+H]+' --candidate-start 645700 --candidate-limit 100 --resume
6458,[M+H]+,645800,100,100,not_started,0,0,0,100,,python3 scripts/run_cfmid_precomputed_candidate_shard.py --outdir /home/zhome/ec_structure/github_export/FragAnnotor/results/casmi2022_cfmid_native_precomputed_full_v1 --adduct '[M+H]+' --candidate-start 645800 --candidate-limit 100 --resume
6459,[M+H]+,645900,100,100,not_started,0,0,0,100,,python3 scripts/run_cfmid_precomputed_candidate_shard.py --outdir /home/zhome/ec_structure/github_export/FragAnnotor/results/casmi2022_cfmid_native_precomputed_full_v1 --adduct '[M+H]+' --candidate-start 645900 --candidate-limit 100 --resume
6460,[M+H]+,646000,100,100,not_started,0,0,0,100,,python3 scripts/run_cfmid_precomputed_candidate_shard.py --outdir /home/zhome/ec_structure/github_export/FragAnnotor/results/casmi2022_cfmid_native_precomputed_full_v1 --adduct '[M+H]+' --candidate-start 646000 --candidate-limit 100 --resume
6461,[M+H]+,646100,100,100,not_started,0,0,0,100,,python3 scripts/run_cfmid_precomputed_candidate_shard.py --outdir /home/zhome/ec_structure/github_export/FragAnnotor/results/casmi2022_cfmid_native_precomputed_full_v1 --adduct '[M+H]+' --candidate-start 646100 --candidate-limit 100 --resume
6462,[M+H]+,646200,100,100,not_started,0,0,0,100,,python3 scripts/run_cfmid_precomputed_candidate_shard.py --outdir /home/zhome/ec_structure/github_export/FragAnnotor/results/casmi2022_cfmid_native_precomputed_full_v1 --adduct '[M+H]+' --candidate-start 646200 --candidate-limit 100 --resume
6463,[M+H]+,646300,100,100,not_started,0,0,0,100,,python3 scripts/run_cfmid_precomputed_candidate_shard.py --outdir /home/zhome/ec_structure/github_export/FragAnnotor/results/casmi2022_cfmid_native_precomputed_full_v1 --adduct '[M+H]+' --candidate-start 646300 --candidate-limit 100 --resume
6464,[M+H]+,646400,100,100,not_started,0,0,0,100,,python3 scripts/run_cfmid_precomputed_candidate_shard.py --outdir /home/zhome/ec_structure/github_export/FragAnnotor/results/casmi2022_cfmid_native_precomputed_full_v1 --adduct '[M+H]+' --candidate-start 646400 --candidate-limit 100 --resume
6465,[M+H]+,646500,100,100,not_started,0,0,0,100,,python3 scripts/run_cfmid_precomputed_candidate_shard.py --outdir /home/zhome/ec_structure/github_export/FragAnnotor/results/casmi2022_cfmid_native_precomputed_full_v1 --adduct '[M+H]+' --candidate-start 646500 --candidate-limit 100 --resume
6466,[M+H]+,646600,100,100,not_started,0,0,0,100,,python3 scripts/run_cfmid_precomputed_candidate_shard.py --outdir /home/zhome/ec_structure/github_export/FragAnnotor/results/casmi2022_cfmid_native_precomputed_full_v1 --adduct '[M+H]+' --candidate-start 646600 --candidate-limit 100 --resume
6467,[M+H]+,646700,100,100,not_started,0,0,0,100,,python3 scripts/run_cfmid_precomputed_candidate_shard.py --outdir /home/zhome/ec_structure/github_export/FragAnnotor/results/casmi2022_cfmid_native_precomputed_full_v1 --adduct '[M+H]+' --candidate-start 646700 --candidate-limit 100 --resume
6468,[M+H]+,646800,100,100,not_started,0,0,0,100,,python3 scripts/run_cfmid_precomputed_candidate_shard.py --outdir /home/zhome/ec_structure/github_export/FragAnnotor/results/casmi2022_cfmid_native_precomputed_full_v1 --adduct '[M+H]+' --candidate-start 646800 --candidate-limit 100 --resume
6469,[M+H]+,646900,100,100,not_started,0,0,0,100,,python3 scripts/run_cfmid_precomputed_candidate_shard.py --outdir /home/zhome/ec_structure/github_export/FragAnnotor/results/casmi2022_cfmid_native_precomputed_full_v1 --adduct '[M+H]+' --candidate-start 646900 --candidate-limit 100 --resume
6470,[M+H]+,647000,100,100,not_started,0,0,0,100,,python3 scripts/run_cfmid_precomputed_candidate_shard.py --outdir /home/zhome/ec_structure/github_export/FragAnnotor/results/casmi2022_cfmid_native_precomputed_full_v1 --adduct '[M+H]+' --candidate-start 647000 --candidate-limit 100 --resume
6471,[M+H]+,647100,100,100,not_started,0,0,0,100,,python3 scripts/run_cfmid_precomputed_candidate_shard.py --outdir /home/zhome/ec_structure/github_export/FragAnnotor/results/casmi2022_cfmid_native_precomputed_full_v1 --adduct '[M+H]+' --candidate-start 647100 --candidate-limit 100 --resume
6472,[M+H]+,647200,100,100,not_started,0,0,0,100,,python3 scripts/run_cfmid_precomputed_candidate_shard.py --outdir /home/zhome/ec_structure/github_export/FragAnnotor/results/casmi2022_cfmid_native_precomputed_full_v1 --adduct '[M+H]+' --candidate-start 647200 --candidate-limit 100 --resume
6473,[M+H]+,647300,100,100,not_started,0,0,0,100,,python3 scripts/run_cfmid_precomputed_candidate_shard.py --outdir /home/zhome/ec_structure/github_export/FragAnnotor/results/casmi2022_cfmid_native_precomputed_full_v1 --adduct '[M+H]+' --candidate-start 647300 --candidate-limit 100 --resume
6474,[M+H]+,647400,100,100,not_started,0,0,0,100,,python3 scripts/run_cfmid_precomputed_candidate_shard.py --outdir /home/zhome/ec_structure/github_export/FragAnnotor/results/casmi2022_cfmid_native_precomputed_full_v1 --adduct '[M+H]+' --candidate-start 647400 --candidate-limit 100 --resume
6475,[M+H]+,647500,100,100,not_started,0,0,0,100,,python3 scripts/run_cfmid_precomputed_candidate_shard.py --outdir /home/zhome/ec_structure/github_export/FragAnnotor/results/casmi2022_cfmid_native_precomputed_full_v1 --adduct '[M+H]+' --candidate-start 647500 --candidate-limit 100 --resume
6476,[M+H]+,647600,100,100,not_started,0,0,0,100,,python3 scripts/run_cfmid_precomputed_candidate_shard.py --outdir /home/zhome/ec_structure/github_export/FragAnnotor/results/casmi2022_cfmid_native_precomputed_full_v1 --adduct '[M+H]+' --candidate-start 647600 --candidate-limit 100 --resume
6477,[M+H]+,647700,100,100,not_started,0,0,0,100,,python3 scripts/run_cfmid_precomputed_candidate_shard.py --outdir /home/zhome/ec_structure/github_export/FragAnnotor/results/casmi2022_cfmid_native_precomputed_full_v1 --adduct '[M+H]+' --candidate-start 647700 --candidate-limit 100 --resume
6478,[M+H]+,647800,100,100,not_started,0,0,0,100,,python3 scripts/run_cfmid_precomputed_candidate_shard.py --outdir /home/zhome/ec_structure/github_export/FragAnnotor/results/casmi2022_cfmid_native_precomputed_full_v1 --adduct '[M+H]+' --candidate-start 647800 --candidate-limit 100 --resume
6479,[M+H]+,647900,100,100,not_started,0,0,0,100,,python3 scripts/run_cfmid_precomputed_candidate_shard.py --outdir /home/zhome/ec_structure/github_export/FragAnnotor/results/casmi2022_cfmid_native_precomputed_full_v1 --adduct '[M+H]+' --candidate-start 647900 --candidate-limit 100 --resume
6480,[M+H]+,648000,100,100,not_started,0,0,0,100,,python3 scripts/run_cfmid_precomputed_candidate_shard.py --outdir /home/zhome/ec_structure/github_export/FragAnnotor/results/casmi2022_cfmid_native_precomputed_full_v1 --adduct '[M+H]+' --candidate-start 648000 --candidate-limit 100 --resume
6481,[M+H]+,648100,100,100,not_started,0,0,0,100,,python3 scripts/run_cfmid_precomputed_candidate_shard.py --outdir /home/zhome/ec_structure/github_export/FragAnnotor/results/casmi2022_cfmid_native_precomputed_full_v1 --adduct '[M+H]+' --candidate-start 648100 --candidate-limit 100 --resume
6482,[M+H]+,648200,100,100,not_started,0,0,0,100,,python3 scripts/run_cfmid_precomputed_candidate_shard.py --outdir /home/zhome/ec_structure/github_export/FragAnnotor/results/casmi2022_cfmid_native_precomputed_full_v1 --adduct '[M+H]+' --candidate-start 648200 --candidate-limit 100 --resume
6483,[M+H]+,648300,100,100,not_started,0,0,0,100,,python3 scripts/run_cfmid_precomputed_candidate_shard.py --outdir /home/zhome/ec_structure/github_export/FragAnnotor/results/casmi2022_cfmid_native_precomputed_full_v1 --adduct '[M+H]+' --candidate-start 648300 --candidate-limit 100 --resume
6484,[M+H]+,648400,100,100,not_started,0,0,0,100,,python3 scripts/run_cfmid_precomputed_candidate_shard.py --outdir /home/zhome/ec_structure/github_export/FragAnnotor/results/casmi2022_cfmid_native_precomputed_full_v1 --adduct '[M+H]+' --candidate-start 648400 --candidate-limit 100 --resume
6485,[M+H]+,648500,100,100,not_started,0,0,0,100,,python3 scripts/run_cfmid_precomputed_candidate_shard.py --outdir /home/zhome/ec_structure/github_export/FragAnnotor/results/casmi2022_cfmid_native_precomputed_full_v1 --adduct '[M+H]+' --candidate-start 648500 --candidate-limit 100 --resume
6486,[M+H]+,648600,100,100,not_started,0,0,0,100,,python3 scripts/run_cfmid_precomputed_candidate_shard.py --outdir /home/zhome/ec_structure/github_export/FragAnnotor/results/casmi2022_cfmid_native_precomputed_full_v1 --adduct '[M+H]+' --candidate-start 648600 --candidate-limit 100 --resume
6487,[M+H]+,648700,100,100,not_started,0,0,0,100,,python3 scripts/run_cfmid_precomputed_candidate_shard.py --outdir /home/zhome/ec_structure/github_export/FragAnnotor/results/casmi2022_cfmid_native_precomputed_full_v1 --adduct '[M+H]+' --candidate-start 648700 --candidate-limit 100 --resume
6488,[M+H]+,648800,100,100,not_started,0,0,0,100,,python3 scripts/run_cfmid_precomputed_candidate_shard.py --outdir /home/zhome/ec_structure/github_export/FragAnnotor/results/casmi2022_cfmid_native_precomputed_full_v1 --adduct '[M+H]+' --candidate-start 648800 --candidate-limit 100 --resume
6489,[M+H]+,648900,100,100,not_started,0,0,0,100,,python3 scripts/run_cfmid_precomputed_candidate_shard.py --outdir /home/zhome/ec_structure/github_export/FragAnnotor/results/casmi2022_cfmid_native_precomputed_full_v1 --adduct '[M+H]+' --candidate-start 648900 --candidate-limit 100 --resume
6490,[M+H]+,649000,100,100,not_started,0,0,0,100,,python3 scripts/run_cfmid_precomputed_candidate_shard.py --outdir /home/zhome/ec_structure/github_export/FragAnnotor/results/casmi2022_cfmid_native_precomputed_full_v1 --adduct '[M+H]+' --candidate-start 649000 --candidate-limit 100 --resume
6491,[M+H]+,649100,100,100,not_started,0,0,0,100,,python3 scripts/run_cfmid_precomputed_candidate_shard.py --outdir /home/zhome/ec_structure/github_export/FragAnnotor/results/casmi2022_cfmid_native_precomputed_full_v1 --adduct '[M+H]+' --candidate-start 649100 --candidate-limit 100 --resume
6492,[M+H]+,649200,100,100,not_started,0,0,0,100,,python3 scripts/run_cfmid_precomputed_candidate_shard.py --outdir /home/zhome/ec_structure/github_export/FragAnnotor/results/casmi2022_cfmid_native_precomputed_full_v1 --adduct '[M+H]+' --candidate-start 649200 --candidate-limit 100 --resume
6493,[M+H]+,649300,100,100,not_started,0,0,0,100,,python3 scripts/run_cfmid_precomputed_candidate_shard.py --outdir /home/zhome/ec_structure/github_export/FragAnnotor/results/casmi2022_cfmid_native_precomputed_full_v1 --adduct '[M+H]+' --candidate-start 649300 --candidate-limit 100 --resume
6494,[M+H]+,649400,100,100,not_started,0,0,0,100,,python3 scripts/run_cfmid_precomputed_candidate_shard.py --outdir /home/zhome/ec_structure/github_export/FragAnnotor/results/casmi2022_cfmid_native_precomputed_full_v1 --adduct '[M+H]+' --candidate-start 649400 --candidate-limit 100 --resume
6495,[M+H]+,649500,100,100,not_started,0,0,0,100,,python3 scripts/run_cfmid_precomputed_candidate_shard.py --outdir /home/zhome/ec_structure/github_export/FragAnnotor/results/casmi2022_cfmid_native_precomputed_full_v1 --adduct '[M+H]+' --candidate-start 649500 --candidate-limit 100 --resume
6496,[M+H]+,649600,100,100,not_started,0,0,0,100,,python3 scripts/run_cfmid_precomputed_candidate_shard.py --outdir /home/zhome/ec_structure/github_export/FragAnnotor/results/casmi2022_cfmid_native_precomputed_full_v1 --adduct '[M+H]+' --candidate-start 649600 --candidate-limit 100 --resume
6497,[M+H]+,649700,100,100,not_started,0,0,0,100,,python3 scripts/run_cfmid_precomputed_candidate_shard.py --outdir /home/zhome/ec_structure/github_export/FragAnnotor/results/casmi2022_cfmid_native_precomputed_full_v1 --adduct '[M+H]+' --candidate-start 649700 --candidate-limit 100 --resume
6498,[M+H]+,649800,100,100,not_started,0,0,0,100,,python3 scripts/run_cfmid_precomputed_candidate_shard.py --outdir /home/zhome/ec_structure/github_export/FragAnnotor/results/casmi2022_cfmid_native_precomputed_full_v1 --adduct '[M+H]+' --candidate-start 649800 --candidate-limit 100 --resume
6499,[M+H]+,649900,100,100,not_started,0,0,0,100,,python3 scripts/run_cfmid_precomputed_candidate_shard.py --outdir /home/zhome/ec_structure/github_export/FragAnnotor/results/casmi2022_cfmid_native_precomputed_full_v1 --adduct '[M+H]+' --candidate-start 649900 --candidate-limit 100 --resume
6500,[M+H]+,650000,100,100,not_started,0,0,0,100,,python3 scripts/run_cfmid_precomputed_candidate_shard.py --outdir /home/zhome/ec_structure/github_export/FragAnnotor/results/casmi2022_cfmid_native_precomputed_full_v1 --adduct '[M+H]+' --candidate-start 650000 --candidate-limit 100 --resume
6501,[M+H]+,650100,100,100,not_started,0,0,0,100,,python3 scripts/run_cfmid_precomputed_candidate_shard.py --outdir /home/zhome/ec_structure/github_export/FragAnnotor/results/casmi2022_cfmid_native_precomputed_full_v1 --adduct '[M+H]+' --candidate-start 650100 --candidate-limit 100 --resume
6502,[M+H]+,650200,100,100,not_started,0,0,0,100,,python3 scripts/run_cfmid_precomputed_candidate_shard.py --outdir /home/zhome/ec_structure/github_export/FragAnnotor/results/casmi2022_cfmid_native_precomputed_full_v1 --adduct '[M+H]+' --candidate-start 650200 --candidate-limit 100 --resume
6503,[M+H]+,650300,100,100,not_started,0,0,0,100,,python3 scripts/run_cfmid_precomputed_candidate_shard.py --outdir /home/zhome/ec_structure/github_export/FragAnnotor/results/casmi2022_cfmid_native_precomputed_full_v1 --adduct '[M+H]+' --candidate-start 650300 --candidate-limit 100 --resume
6504,[M+H]+,650400,100,100,not_started,0,0,0,100,,python3 scripts/run_cfmid_precomputed_candidate_shard.py --outdir /home/zhome/ec_structure/github_export/FragAnnotor/results/casmi2022_cfmid_native_precomputed_full_v1 --adduct '[M+H]+' --candidate-start 650400 --candidate-limit 100 --resume
6505,[M+H]+,650500,100,100,not_started,0,0,0,100,,python3 scripts/run_cfmid_precomputed_candidate_shard.py --outdir /home/zhome/ec_structure/github_export/FragAnnotor/results/casmi2022_cfmid_native_precomputed_full_v1 --adduct '[M+H]+' --candidate-start 650500 --candidate-limit 100 --resume
6506,[M+H]+,650600,100,100,not_started,0,0,0,100,,python3 scripts/run_cfmid_precomputed_candidate_shard.py --outdir /home/zhome/ec_structure/github_export/FragAnnotor/results/casmi2022_cfmid_native_precomputed_full_v1 --adduct '[M+H]+' --candidate-start 650600 --candidate-limit 100 --resume
6507,[M+H]+,650700,100,100,not_started,0,0,0,100,,python3 scripts/run_cfmid_precomputed_candidate_shard.py --outdir /home/zhome/ec_structure/github_export/FragAnnotor/results/casmi2022_cfmid_native_precomputed_full_v1 --adduct '[M+H]+' --candidate-start 650700 --candidate-limit 100 --resume
6508,[M+H]+,650800,100,100,not_started,0,0,0,100,,python3 scripts/run_cfmid_precomputed_candidate_shard.py --outdir /home/zhome/ec_structure/github_export/FragAnnotor/results/casmi2022_cfmid_native_precomputed_full_v1 --adduct '[M+H]+' --candidate-start 650800 --candidate-limit 100 --resume
6509,[M+H]+,650900,100,100,not_started,0,0,0,100,,python3 scripts/run_cfmid_precomputed_candidate_shard.py --outdir /home/zhome/ec_structure/github_export/FragAnnotor/results/casmi2022_cfmid_native_precomputed_full_v1 --adduct '[M+H]+' --candidate-start 650900 --candidate-limit 100 --resume
6510,[M+H]+,651000,100,100,not_started,0,0,0,100,,python3 scripts/run_cfmid_precomputed_candidate_shard.py --outdir /home/zhome/ec_structure/github_export/FragAnnotor/results/casmi2022_cfmid_native_precomputed_full_v1 --adduct '[M+H]+' --candidate-start 651000 --candidate-limit 100 --resume
6511,[M+H]+,651100,100,100,not_started,0,0,0,100,,python3 scripts/run_cfmid_precomputed_candidate_shard.py --outdir /home/zhome/ec_structure/github_export/FragAnnotor/results/casmi2022_cfmid_native_precomputed_full_v1 --adduct '[M+H]+' --candidate-start 651100 --candidate-limit 100 --resume
6512,[M+H]+,651200,100,100,not_started,0,0,0,100,,python3 scripts/run_cfmid_precomputed_candidate_shard.py --outdir /home/zhome/ec_structure/github_export/FragAnnotor/results/casmi2022_cfmid_native_precomputed_full_v1 --adduct '[M+H]+' --candidate-start 651200 --candidate-limit 100 --resume
6513,[M+H]+,651300,100,100,not_started,0,0,0,100,,python3 scripts/run_cfmid_precomputed_candidate_shard.py --outdir /home/zhome/ec_structure/github_export/FragAnnotor/results/casmi2022_cfmid_native_precomputed_full_v1 --adduct '[M+H]+' --candidate-start 651300 --candidate-limit 100 --resume
6514,[M+H]+,651400,100,100,not_started,0,0,0,100,,python3 scripts/run_cfmid_precomputed_candidate_shard.py --outdir /home/zhome/ec_structure/github_export/FragAnnotor/results/casmi2022_cfmid_native_precomputed_full_v1 --adduct '[M+H]+' --candidate-start 651400 --candidate-limit 100 --resume
6515,[M+H]+,651500,100,100,not_started,0,0,0,100,,python3 scripts/run_cfmid_precomputed_candidate_shard.py --outdir /home/zhome/ec_structure/github_export/FragAnnotor/results/casmi2022_cfmid_native_precomputed_full_v1 --adduct '[M+H]+' --candidate-start 651500 --candidate-limit 100 --resume
6516,[M+H]+,651600,100,100,not_started,0,0,0,100,,python3 scripts/run_cfmid_precomputed_candidate_shard.py --outdir /home/zhome/ec_structure/github_export/FragAnnotor/results/casmi2022_cfmid_native_precomputed_full_v1 --adduct '[M+H]+' --candidate-start 651600 --candidate-limit 100 --resume
6517,[M+H]+,651700,100,100,not_started,0,0,0,100,,python3 scripts/run_cfmid_precomputed_candidate_shard.py --outdir /home/zhome/ec_structure/github_export/FragAnnotor/results/casmi2022_cfmid_native_precomputed_full_v1 --adduct '[M+H]+' --candidate-start 651700 --candidate-limit 100 --resume
6518,[M+H]+,651800,100,100,not_started,0,0,0,100,,python3 scripts/run_cfmid_precomputed_candidate_shard.py --outdir /home/zhome/ec_structure/github_export/FragAnnotor/results/casmi2022_cfmid_native_precomputed_full_v1 --adduct '[M+H]+' --candidate-start 651800 --candidate-limit 100 --resume
6519,[M+H]+,651900,100,100,not_started,0,0,0,100,,python3 scripts/run_cfmid_precomputed_candidate_shard.py --outdir /home/zhome/ec_structure/github_export/FragAnnotor/results/casmi2022_cfmid_native_precomputed_full_v1 --adduct '[M+H]+' --candidate-start 651900 --candidate-limit 100 --resume
6520,[M+H]+,652000,100,100,not_started,0,0,0,100,,python3 scripts/run_cfmid_precomputed_candidate_shard.py --outdir /home/zhome/ec_structure/github_export/FragAnnotor/results/casmi2022_cfmid_native_precomputed_full_v1 --adduct '[M+H]+' --candidate-start 652000 --candidate-limit 100 --resume
6521,[M+H]+,652100,100,100,not_started,0,0,0,100,,python3 scripts/run_cfmid_precomputed_candidate_shard.py --outdir /home/zhome/ec_structure/github_export/FragAnnotor/results/casmi2022_cfmid_native_precomputed_full_v1 --adduct '[M+H]+' --candidate-start 652100 --candidate-limit 100 --resume
6522,[M+H]+,652200,100,100,not_started,0,0,0,100,,python3 scripts/run_cfmid_precomputed_candidate_shard.py --outdir /home/zhome/ec_structure/github_export/FragAnnotor/results/casmi2022_cfmid_native_precomputed_full_v1 --adduct '[M+H]+' --candidate-start 652200 --candidate-limit 100 --resume
6523,[M+H]+,652300,100,100,not_started,0,0,0,100,,python3 scripts/run_cfmid_precomputed_candidate_shard.py --outdir /home/zhome/ec_structure/github_export/FragAnnotor/results/casmi2022_cfmid_native_precomputed_full_v1 --adduct '[M+H]+' --candidate-start 652300 --candidate-limit 100 --resume
6524,[M+H]+,652400,100,100,not_started,0,0,0,100,,python3 scripts/run_cfmid_precomputed_candidate_shard.py --outdir /home/zhome/ec_structure/github_export/FragAnnotor/results/casmi2022_cfmid_native_precomputed_full_v1 --adduct '[M+H]+' --candidate-start 652400 --candidate-limit 100 --resume
6525,[M+H]+,652500,100,100,not_started,0,0,0,100,,python3 scripts/run_cfmid_precomputed_candidate_shard.py --outdir /home/zhome/ec_structure/github_export/FragAnnotor/results/casmi2022_cfmid_native_precomputed_full_v1 --adduct '[M+H]+' --candidate-start 652500 --candidate-limit 100 --resume
6526,[M+H]+,652600,100,100,not_started,0,0,0,100,,python3 scripts/run_cfmid_precomputed_candidate_shard.py --outdir /home/zhome/ec_structure/github_export/FragAnnotor/results/casmi2022_cfmid_native_precomputed_full_v1 --adduct '[M+H]+' --candidate-start 652600 --candidate-limit 100 --resume
